,,,,,,,,,,,,Język polski,,,,,Matematyka,,,,,Język angielski,,,,,Język francuski,,,,,Język hiszpański,,,,,Język niemiecki,,,,,Język rosyjski,,,,,Język włoski,,,,
ID OKE,województwo - nazwa,powiat - nazwa,Gmina - nazwa,Typ gminy,Kod teryt gminy,RSPO,"rodzaj placówki
",czy publiczna,Nazwa szkoły,Miejscowość,Ulica nr,"liczba
zdających","wynik
średni (%)",odchylenie standardowe (%),mediana (%),modalna (%),"liczba
zdających","wynik
średni (%)",odchylenie standardowe (%),mediana (%),modalna (%),"liczba
zdających","wynik
średni (%)",odchylenie standardowe (%),mediana (%),modalna (%),"liczba
zdających","wynik
średni (%)",odchylenie standardowe (%),mediana (%),modalna (%),"liczba
zdających","wynik
średni (%)",odchylenie standardowe (%),mediana (%),modalna (%),"liczba
zdających","wynik
średni (%)",odchylenie standardowe (%),mediana (%),modalna (%),"liczba
zdających","wynik
średni (%)",odchylenie standardowe (%),mediana (%),modalna (%),"liczba
zdających","wynik
średni (%)",odchylenie standardowe (%),mediana (%),modalna (%)
4,Podlaskie,Białystok,Białystok,Gmina miejska,2061011,7072,dla młodzieży,Tak,SZKOŁA PODSTAWOWA NR 7 IM. HUGONA KOŁŁĄTAJA W BIAŁYMSTOKU,Białystok,ul. Wiatrakowa 18,46,62,15,64,67,46,48,24,48,52,47,76,23,84,98,,,,,,,,,,,,,,,,,,,,,,,,,
4,Podlaskie,Białystok,Białystok,Gmina miejska,2061011,10122,dla młodzieży,Nie,NIEPUBLICZNA SZKOŁA PODSTAWOWA ŚW.ŚW. CYRYLA I METODEGO W BIAŁYMSTOKU,Białystok,ul. Ludwika Waryńskiego 30,14,69,13,66,64,14,69,22,74,88,5,,,,,,,,,,,,,,,,,,,,9,,,,,,,,,
4,Podlaskie,Białystok,Białystok,Gmina miejska,2061011,14962,dla młodzieży,Nie,PRYWATNA SZKOŁA PODSTAWOWA INFORMATYCZNO-JĘZYKOWA Z ODDZIAŁAMI DWUJĘZYCZNYMI,Białystok,ul. Józefa Ignacego Kraszewskiego 33,6,,,,,6,,,,,7,,,,,,,,,,,,,,,,,,,,,,,,,,,,,
4,Podlaskie,Białystok,Białystok,Gmina miejska,2061011,15740,dla młodzieży,Nie,"AKADEMIA SUKCESU ""NASZA SZKOŁA"" PRYWATNA SZKOŁA PODSTAWOWA NR 8 IM. MARII KONOPNICKIEJ W BIAŁYMSTOKU",Białystok,ul. ks. Arcybiskupa Edwarda Kisiela 8,12,59,23,58,31,12,56,25,54,24,12,82,22,89,98,,,,,,,,,,,,,,,,,,,,,,,,,
4,Podlaskie,Białystok,Białystok,Gmina miejska,2061011,22194,dla młodzieży,Nie,KATOLICKA SZKOŁA PODSTAWOWA IM. KS. FRANCISZKA BLACHNICKIEGO,Białystok,ul. Transportowa 2,21,67,14,69,56,21,63,24,64,56,21,81,22,95,96,,,,,,,,,,,,,,,,,,,,,,,,,
4,Podlaskie,Białystok,Białystok,Gmina miejska,2061011,24780,dla młodzieży,Nie,SPOŁECZNA SZKOŁA PODSTAWOWA NR 3 BIAŁOSTOCKIEGO TOWARZYSTWA OŚWIATOWEGO W BIAŁYMSTOKU,Białystok,ul. Kalinowa 5,16,74,8,72,71,16,74,16,80,80,15,93,9,96,96,,,,,,,,,,,1,,,,,,,,,,,,,,
4,Podlaskie,Białystok,Białystok,Gmina miejska,2061011,54463,dla młodzieży,Tak,"ZESPÓŁ SZKOLNO-PRZEDSZKOLNY NR 2 W BIAŁYMSTOKU, SZKOŁA PODSTAWOWA NR 14 Z ODDZIAŁAMI INTEGRACYJNYMI IM. KAZIMIERZA PUŁASKIEGO W BIAŁYMSTOKU",Białystok,ul. Kazimierza Pułaskiego 25,95,64,16,67,51,95,60,26,56,48,93,80,23,87,100,,,,,,,,,,,,,,,,3,,,,,,,,,
4,Podlaskie,Białystok,Białystok,Gmina miejska,2061011,57067,dla młodzieży,Tak,SZKOŁA PODSTAWOWA NR 16 IM. TADEUSZA KOŚCIUSZKI W BIAŁYMSTOKU,Białystok,ul. Strażacka 25,50,76,12,78,82,50,76,21,80,100,50,89,18,96,100,,,,,,,,,,,,,,,,1,,,,,,,,,
4,Podlaskie,Białystok,Białystok,Gmina miejska,2061011,59870,dla młodzieży,Tak,SZKOŁA PODSTAWOWA NR 21 IM. MARSZAŁKA JÓZEFA PIŁSUDSKIEGO W BIAŁYMSTOKU,Białystok,ul. Polowa 7/1,84,53,20,55,69,84,39,26,32,28,83,61,28,65,100,,,,,,,,,,,,,,,,,,,,,,,,,
4,Podlaskie,Białystok,Białystok,Gmina miejska,2061011,64508,dla młodzieży,Tak,SZKOŁA PODSTAWOWA NR 28 IM. KONSTANTEGO ILDEFONSA GAŁCZYŃSKIEGO W BIAŁYMSTOKU,Białystok,ul. Warmińska 55,58,63,17,64,58,58,59,28,56,92,57,78,22,87,100,,,,,,,,,,,,,,,,,,,,,,,,,
4,Podlaskie,Białystok,Białystok,Gmina miejska,2061011,64510,dla młodzieży,Tak,"ZESPÓŁ SZKÓŁ OGÓLNOKSZTAŁCĄCYCH MISTRZOSTWA SPORTOWEGO NR 2 W BIAŁYMSTOKU, SZKOŁA PODSTAWOWA NR 29 IM. SYNÓW PUŁKU W BIAŁYMSTOKU",Białystok,ul. Promienna 13A,59,57,15,58,58,59,59,25,60,40,58,72,26,82,95,,,,,,,,,,,,,,,,1,,,,,,,,,
4,Podlaskie,Białystok,Białystok,Gmina miejska,2061011,64511,dla młodzieży,Tak,SZKOŁA PODSTAWOWA NR 31 IM. JANUSZA KORCZAKA W BIAŁYMSTOKU,Białystok,ul. Żurawia 12,11,53,16,58,58,11,37,29,24,8,11,52,29,38,24,,,,,,,,,,,,,,,,,,,,,,,,,
4,Podlaskie,Białystok,Białystok,Gmina miejska,2061011,64512,dla młodzieży,Tak,"SZKOŁA PODSTAWOWA NR 32 IM. MJR. HENRYKA DOBRZAŃSKIEGO PS. ""HUBAL"" ZESPOŁU SZKÓŁ OGÓLNOKSZTAŁCĄCYCH MISTRZOSTWA SPORTOWEGO NR 3 ""PIETRASZE"" W BIAŁYMSTOKU",Białystok,ul. Pietrasze 29,90,61,16,62,67,90,55,24,54,56,87,79,26,93,100,,,,,,,,,,,2,,,,,4,,,,,,,,,
4,Podlaskie,Białystok,Białystok,Gmina miejska,2061011,64546,dla młodzieży,Tak,SZKOŁA PODSTAWOWA NR 34 IM. GEN. JÓZEFA ZACHARIASZA BEMA W BIAŁYMSTOKU,Białystok,ul. Pogodna 12,53,51,19,53,36,53,44,24,40,20,53,65,28,73,98,,,,,,,,,,,1,,,,,1,,,,,,,,,
4,Podlaskie,Białystok,Białystok,Gmina miejska,2061011,64739,dla młodzieży,Tak,SZKOŁA PODSTAWOWA NR 37 IM. KAZIMIERZA GÓRSKIEGO W BIAŁYMSTOKU,Białystok,ul. Jaworowa 8,77,64,14,64,67,77,55,26,60,80,77,75,26,87,100,,,,,,,,,,,1,,,,,,,,,,,,,,
4,Podlaskie,Białystok,Białystok,Gmina miejska,2061011,64808,dla młodzieży,Tak,SZKOŁA PODSTAWOWA NR 43 IM. SIMONY KOSSAK W BIAŁYMSTOKU,Białystok,ul. Stroma 16,63,67,16,69,49,63,54,27,52,16,63,79,24,91,93,,,,,,,,,,,,,,,,2,,,,,,,,,
4,Podlaskie,Białystok,Białystok,Gmina miejska,2061011,65280,dla młodzieży,Tak,SZKOŁA PODSTAWOWA NR 45 Z ODDZIAŁAMI INTEGRACYJNYMI IM. ŚWIĘTEGO JANA PAWŁA II W BIAŁYMSTOKU,Białystok,ul. Łagodna 10,114,64,19,67,71,114,52,23,48,40,111,74,27,87,98,,,,,,,,,,,3,,,,,,,,,,,,,,
4,Podlaskie,Białystok,Białystok,Gmina miejska,2061011,66156,dla młodzieży,Tak,SZKOŁA PODSTAWOWA NR 51 IM. LUDWIKA ZAMENHOFA W BIAŁYMSTOKU,Białystok,ul. Jana Krzysztofa Kluka 11A,46,65,18,70,71,46,58,24,64,48,46,80,23,91,100,,,,,,,,,,,,,,,,5,,,,,,,,,
4,Podlaskie,Białystok,Białystok,Gmina miejska,2061011,70080,dla młodzieży,Nie,SPOŁECZNA SZKOŁA PODSTAWOWA NR 4 PODLASKIEGO TOWARZYSTWA OŚWIATOWEGO W BIAŁYMSTOKU,Białystok,ul. Dzielna 19,32,75,12,73,73,32,80,18,88,96,30,93,10,98,100,,,,,,,,,,,2,,,,,,,,,,,,,,
4,Podlaskie,Białystok,Białystok,Gmina miejska,2061011,71421,dla młodzieży,Tak,SZKOŁA PODSTAWOWA NR 30 SPECJALNA IM. BŁOGOSŁAWIONEGO EDMUNDA BOJANOWSKIEGO W BIAŁYMSTOKU,Białystok,ul. Orla 4,15,20,11,20,20,15,19,9,20,24,15,28,19,22,13,,,,,,,,,,,,,,,,,,,,,,,,,
4,Podlaskie,Białystok,Białystok,Gmina miejska,2061011,78935,dla młodzieży,Nie,SZKOŁA PODSTAWOWA ZGROMADZENIA SIÓSTR MISJONAREK ŚWIĘTEJ RODZINY IM. BŁOGOSŁAWIONEJ BOLESŁAWY LAMENT W BIAŁYMSTOKU,Białystok,ul. Adama Mickiewicza 43,19,70,12,73,60,19,76,18,84,92,18,89,9,92,80,,,,,,,,,,,1,,,,,,,,,,,,,,
4,Podlaskie,Białystok,Białystok,Gmina miejska,2061011,81620,dla młodzieży,Tak,SZKOŁA PODSTAWOWA NR 1 IM. JULIUSZA SŁOWACKIEGO W BIAŁYMSTOKU,Białystok,ul. Juliusza Słowackiego 4,71,69,13,69,62,71,66,25,72,92,70,83,22,93,100,,,,,,,,,,,,,,,,4,,,,,,,,,
4,Podlaskie,Białystok,Białystok,Gmina miejska,2061011,81621,dla młodzieży,Tak,SZKOŁA PODSTAWOWA NR 2 IM. KS. JANA TWARDOWSKIEGO W BIAŁYMSTOKU,Białystok,ul. Bohaterów Monte Cassino 25,46,59,16,64,64,47,51,23,52,32,49,78,22,87,91,,,,,,,,,,,2,,,,,,,,,,,,,,
4,Podlaskie,Białystok,Białystok,Gmina miejska,2061011,81628,dla młodzieży,Tak,SZKOŁA PODSTAWOWA NR 3 IM. ADAMA MICKIEWICZA W BIAŁYMSTOKU,Białystok,ul. Gdańska 23/1,22,61,18,63,60,22,49,26,48,72,20,77,24,87,87,,,,,,,,,,,,,,,,2,,,,,,,,,
4,Podlaskie,Białystok,Białystok,Gmina miejska,2061011,81629,dla młodzieży,Tak,SZKOŁA PODSTAWOWA NR 4 IM. SYBIRAKÓW W BIAŁYMSTOKU,Białystok,ul. Częstochowska 6A,58,57,15,60,60,58,45,26,44,60,62,68,30,83,100,,,,,,,,,,,1,,,,,,,,,,,,,,
4,Podlaskie,Białystok,Białystok,Gmina miejska,2061011,81633,dla młodzieży,Tak,SZKOŁA PODSTAWOWA NR 6 IM. JAROSŁAWA IWASZKIEWICZA W BIAŁYMSTOKU,Białystok,ul. Wesoła 11A,55,71,14,71,69,55,69,24,72,92,55,82,23,93,98,,,,,,,,,,,1,,,,,,,,,,,,,,
4,Podlaskie,Białystok,Białystok,Gmina miejska,2061011,81636,dla młodzieży,Tak,SZKOŁA PODSTAWOWA NR 47 IM. JANA KLEMENSA BRANICKIEGO W BIAŁYMSTOKU,Białystok,ul. Palmowa 28,111,63,14,64,60,111,54,26,56,36,110,75,25,84,100,,,,,,,,,,,,,,,,2,,,,,,,,,
4,Podlaskie,Białystok,Białystok,Gmina miejska,2061011,81638,dla młodzieży,Tak,SZKOŁA PODSTAWOWA NR 8 IM. ŚWIĘTEGO KAZIMIERZA KRÓLEWICZA W BIAŁYMSTOKU,Białystok,ul. Jesienna 8,47,59,19,64,82,47,52,30,56,64,45,74,28,85,98,,,,,,,,,,,2,,,,,,,,,,,,,,
4,Podlaskie,Białystok,Białystok,Gmina miejska,2061011,81641,dla młodzieży,Tak,SZKOŁA PODSTAWOWA NR 11 Z ODDZIAŁAMI INTEGRACYJNYMI IM. KORNELA MAKUSZYŃSKIEGO W BIAŁYMSTOKU,Białystok,ul. Poleska 27,37,61,19,62,56,37,49,27,40,24,35,70,29,82,100,,,,,,,,,,,1,,,,,2,,,,,,,,,
4,Podlaskie,Białystok,Białystok,Gmina miejska,2061011,81642,dla młodzieży,Tak,SZKOŁA PODSTAWOWA NR 12 IM. ZYGMUNTA GLOGERA W BIAŁYMSTOKU,Białystok,ul. Komisji Edukacji Narodowej 1A,163,60,17,62,64,163,52,25,48,72,158,72,27,83,100,,,,,,,,,,,1,,,,,4,,,,,,,,,
4,Podlaskie,Białystok,Białystok,Gmina miejska,2061011,81643,dla młodzieży,Tak,SZKOŁA PODSTAWOWA NR 19 IM. MIESZKA I W BIAŁYMSTOKU,Białystok,ul. Mieszka I 18,124,62,16,64,64,124,50,27,48,24,121,78,25,89,100,,,,,,,,,,,1,,,,,6,,,,,,,,,
4,Podlaskie,Białystok,Białystok,Gmina miejska,2061011,81646,dla młodzieży,Tak,SZKOŁA PODSTAWOWA NR 20 IM. GEN. WŁADYSŁAWA SIKORSKIEGO W BIAŁYMSTOKU,Białystok,ul. Leśna 30,37,69,15,71,84,37,54,27,56,68,37,72,28,85,100,,,,,,,,,,,,,,,,,,,,,,,,,
4,Podlaskie,Białystok,Białystok,Gmina miejska,2061011,81648,dla młodzieży,Tak,SZKOŁA PODSTAWOWA NR 44 IM. STANISŁAWA MONIUSZKI W BIAŁYMSTOKU,Białystok,ul. Rumiankowa 13,88,66,16,66,60,88,56,26,60,64,89,79,22,87,100,,,,,,,,,,,,,,,,3,,,,,,,,,
4,Podlaskie,Białystok,Białystok,Gmina miejska,2061011,81650,dla młodzieży,Tak,SZKOŁA PODSTAWOWA NR 49 Z ODDZIAŁAMI INTEGRACYJNYMI IM. STEFANA KARDYNAŁA WYSZYŃSKIEGO - PRYMASA TYSIĄCLECIA W BIAŁYMSTOKU,Białystok,ul. Armii Krajowej 32,124,63,14,67,67,124,57,24,60,68,125,80,24,91,100,,,,,,,,,,,,,,,,,,,,,,,,,
4,Podlaskie,Białystok,Białystok,Gmina miejska,2061011,81651,dla młodzieży,Tak,SZKOŁA PODSTAWOWA NR 50 Z ODDZIAŁAMI INTEGRACYJNYMI IM. ŚWIĘTEJ JADWIGI KRÓLOWEJ POLSKI W BIAŁYMSTOKU,Białystok,ul. Kazimierza Pułaskiego 96,98,67,15,69,76,98,57,24,56,36,94,75,25,85,100,,,,,,,,,,,1,,,,,3,,,,,,,,,
4,Podlaskie,Białystok,Białystok,Gmina miejska,2061011,81653,dla młodzieży,Tak,SZKOŁA PODSTAWOWA NR 52 IM. DR IRENY BIAŁÓWNY W BIAŁYMSTOKU,Białystok,ul. Dojlidy Górne 48,58,58,15,60,58,58,63,24,68,80,58,78,23,84,96,,,,,,,,,,,,,,,,1,,,,,,,,,
4,Podlaskie,Białystok,Białystok,Gmina miejska,2061011,82851,dla młodzieży,Nie,SPOŁECZNA SZKOŁA PODSTAWOWA NR 2 W BIAŁYMSTOKU,Białystok,ul. Narewska 13,8,,,,,8,,,,,7,,,,,,,,,,,,,,,,,,,,1,,,,,,,,,
4,Podlaskie,Białystok,Białystok,Gmina miejska,2061011,82863,dla młodzieży,Nie,SPOŁECZNA SZKOŁA PODSTAWOWA NR 1 SPOŁECZNEGO TOWARZYSTWA OŚWIATOWEGO W BIAŁYMSTOKU,Białystok,ul. Mieszka I 5,15,77,10,78,76,15,86,18,92,84,13,93,17,98,98,2,,,,,,,,,,,,,,,,,,,,,,,,
4,Podlaskie,Białystok,Białystok,Gmina miejska,2061011,89110,dla młodzieży,Nie,KATOLICKA SZKOŁA PODSTAWOWA IM. MATKI BOŻEJ MIŁOSIERDZIA W BIAŁYMSTOKU,Białystok,ul. Kościelna 3,28,63,13,60,47,28,64,24,70,80,28,87,15,95,98,,,,,,,,,,,,,,,,,,,,,,,,,
4,Podlaskie,Białystok,Białystok,Gmina miejska,2061011,91505,dla młodzieży,Tak,SZKOŁA PODSTAWOWA NR 5 IM. WŁADYSŁAWA BRONIEWSKIEGO W BIAŁYMSTOKU,Białystok,ul. Kamienna 15,89,64,18,67,73,89,55,26,56,20,86,74,26,85,98,,,,,,,,,,,1,,,,,3,,,,,,,,,
4,Podlaskie,Białystok,Białystok,Gmina miejska,2061011,91506,dla młodzieży,Tak,SZKOŁA PODSTAWOWA NR 15 IM. MARII SKŁODOWSKIEJ - CURIE W BIAŁYMSTOKU,Białystok,ul. Władysława Broniewskiego 1,39,55,16,58,58,39,41,23,32,12,38,65,30,77,20,,,,,,,,,,,1,,,,,1,,,,,,,,,
4,Podlaskie,Białystok,Białystok,Gmina miejska,2061011,91507,dla młodzieży,Tak,SZKOŁA PODSTAWOWA NR 26 IM. STANISŁAWA STASZICA W BIAŁYMSTOKU,Białystok,ul. Radzymińska 11,95,67,15,69,71,95,59,25,60,88,95,77,25,87,100,,,,,,,,,,,,,,,,9,,,,,,,,,
4,Podlaskie,Białystok,Białystok,Gmina miejska,2061011,93015,nie dotyczy,Tak,OGÓLNOKSZTAŁCĄCA SZKOŁA MUZYCZNA II ST. IM. WITOLDA LUTOSŁAWSKIEGO W BIAŁYMSTOKU,Białystok,ul. Podleśna 2,13,61,19,64,69,13,55,25,56,68,13,85,17,93,91,,,,,,,,,,,,,,,,,,,,,,,,,
4,Podlaskie,Białystok,Białystok,Gmina miejska,2061011,110300,dla młodzieży,Nie,PRYWATNA SZKOŁA PODSTAWOWA NR 1 W BIAŁYMSTOKU,Białystok,ul. Boruty 18,18,75,8,73,69,18,72,21,74,88,18,98,2,98,100,,,,,,,,,,,,,,,,,,,,,,,,,
4,Podlaskie,Białystok,Białystok,Gmina miejska,2061011,110358,dla młodzieży,Nie,SPOŁECZNA SZKOŁA PODSTAWOWA NR 11 W BIAŁYMSTOKU,Białystok,ul. Fabryczna 10,29,71,9,71,73,29,80,15,80,72,28,93,11,96,100,,,,,,,,,,,1,,,,,,,,,,,,,,
4,Podlaskie,Białystok,Białystok,Gmina miejska,2061011,124752,dla młodzieży,Tak,SZKOŁA PODSTAWOWA NR 41 W ZAKŁADZIE POPRAWCZYM W BIAŁYMSTOKU,Białystok,ul. 42 Pułku Piechoty 117,6,,,,,6,,,,,6,,,,,,,,,,,,,,,,,,,,,,,,,,,,,
4,Podlaskie,Białystok,Białystok,Gmina miejska,2061011,127581,dla młodzieży,Nie,SZKOŁA PODSTAWOWA SŁONECZNA SZKOŁA W BIAŁYMSTOKU,Białystok,ul. 42 Pułku Piechoty 20,14,56,19,63,53,14,33,17,30,44,13,73,27,84,98,,,,,,,,,,,,,,,,1,,,,,,,,,
4,Podlaskie,Białystok,Białystok,Gmina miejska,2061011,128568,dla młodzieży,Nie,SZKOŁA PODSTAWOWA IM. ŚW. KAZIMIERZA KRÓLEWICZA W BIAŁYMSTOKU,Białystok,ul. Szkolna 2A,6,,,,,6,,,,,6,,,,,,,,,,,,,,,,,,,,,,,,,,,,,
4,Podlaskie,Białystok,Białystok,Gmina miejska,2061011,133536,dla młodzieży,Tak,SZKOŁA PODSTAWOWA NR 9 IM. 42 PUŁKU PIECHOTY W BIAŁYMSTOKU,Białystok,ul. Legionowa 7,27,63,15,64,44,27,55,21,48,44,28,80,24,90,96,,,,,,,,,,,,,,,,,,,,,,,,,
4,Podlaskie,Białystok,Białystok,Gmina miejska,2061011,133537,dla młodzieży,Tak,SZKOŁA PODSTAWOWA NR 10 IM. IZABELI BRANICKIEJ W BIAŁYMSTOKU,Białystok,ul. Spacerowa 6,24,73,14,77,67,24,62,24,60,40,24,78,23,87,96,,,,,,,,,,,,,,,,,,,,,,,,,
4,Podlaskie,Białystok,Białystok,Gmina miejska,2061011,133538,dla młodzieży,Tak,"ZESPÓŁ SZKÓŁ OGÓLNOKSZTAŁCĄCYCH MISTRZOSTWA SPORTOWEGO W BIAŁYMSTOKU, SZKOŁA PODSTAWOWA NR 22 Z ODDZIAŁAMI MISTRZOSTWA SPORTOWEGO W BIAŁYMSTOKU",Białystok,ul. Marii Konopnickiej 3,7,,,,,7,,,,,7,,,,,,,,,,,,,,,,,,,,,,,,,,,,,
4,Podlaskie,Białystok,Białystok,Gmina miejska,2061011,133542,dla młodzieży,Tak,SZKOŁA PODSTAWOWA NR 42 IM. BŁOGOSŁAWIONEGO KS. MICHAŁA SOPOĆKI W BIAŁYMSTOKU,Białystok,ul. Sokólska 1,23,71,15,76,64,23,66,23,76,84,23,84,20,91,100,,,,,,,,,,,,,,,,,,,,,,,,,
4,Podlaskie,Białystok,Białystok,Gmina miejska,2061011,133544,dla młodzieży,Tak,ZESPÓŁ SZKÓŁ OGÓLNOKSZTAŁCĄCYCH NR 2 W BIAŁYMSTOKU SZKOŁA PODSTAWOWA NR 53 Z ODDZIAŁAMI DWUJĘZYCZNYMI W BIAŁYMSTOKU,Białystok,ul. Narewska 11,76,80,10,80,82,76,87,13,88,100,72,96,7,98,100,,,,,,,,,,,4,,,,,,,,,,,,,,
4,Podlaskie,Białystok,Białystok,Gmina miejska,2061011,263153,dla młodzieży,Tak,SZKOŁA PODSTAWOWA ZESPOŁU SZKÓŁ LOGIZ W BIAŁYMSTOKU,Białystok,ul. Choroszczańska 29,12,29,7,27,27,12,15,8,14,12,12,33,22,26,20,,,,,,,,,,,,,,,,,,,,,,,,,
4,Podlaskie,Białystok,Białystok,Gmina miejska,2061011,263208,dla młodzieży,Nie,NIEPUBLICZNA SZKOŁA PODSTAWOWA MOZAIKA W BIAŁYMSTOKU,Białystok,ul. Adama Mickiewicza 50,1,,,,,1,,,,,1,,,,,,,,,,,,,,,,,,,,,,,,,,,,,
4,Podlaskie,Białystok,Białystok,Gmina miejska,2061011,268644,dla młodzieży,Nie,LEŚNA SZKOŁA PUSZCZYK W BIAŁYMSTOKU,Białystok,ul. Adama Mickiewicza 49,3,,,,,3,,,,,3,,,,,,,,,,,,,,,,,,,,,,,,,,,,,
4,Podlaskie,Suwałki,Suwałki,Gmina miejska,2063011,8248,dla młodzieży,Nie,NIEPUBLICZNA SZKOŁA PODSTAWOWA W SUWAŁKACH,Suwałki,ul. Emila Młynarskiego 2,7,,,,,7,,,,,7,,,,,,,,,,,,,,,,,,,,,,,,,,,,,
4,Podlaskie,Suwałki,Suwałki,Gmina miejska,2063011,13296,dla młodzieży,Tak,SZKOŁA PODSTAWOWA NR 6 IM. ALEKSANDRY KUJAŁOWICZ,Suwałki,ul. Sejneńska 12,114,60,17,63,71,114,50,27,46,24,114,69,29,78,100,,,,,,,,,,,1,,,,,,,,,,,,,,
4,Podlaskie,Suwałki,Suwałki,Gmina miejska,2063011,27004,dla młodzieży,Tak,SZKOŁA PODSTAWOWA NR 9 IM. WŁODZIMIERZA PUCHALSKIEGO W SUWAŁKACH,Suwałki,ul. Tadeusza Kościuszki 36/38,51,56,17,60,62,51,49,24,40,28,53,68,29,78,100,,,,,,,,,,,,,,,,,,,,,,,,,
4,Podlaskie,Suwałki,Suwałki,Gmina miejska,2063011,27749,dla młodzieży,Tak,SZKOŁA PODSTAWOWA NR 4 IM. KS. KAZIMIERZA ALEKSANDRA HAMERSZMITA W SUWAŁKACH,Suwałki,ul. Wojska Polskiego 13,99,56,17,58,58,99,43,23,40,16,98,69,26,76,100,,,,,,,,,,,,,,,,,,,,,,,,,
4,Podlaskie,Suwałki,Suwałki,Gmina miejska,2063011,30121,dla młodzieży,Tak,SZKOŁA PODSTAWOWA NR 11 Z ODDZIAŁAMI INTEGRACYJNYMI W SUWAŁKACH,Suwałki,ul. Szpitalna 66,102,58,14,60,60,102,48,25,46,44,102,68,26,74,93,,,,,,,,,,,,,,,,,,,,,,,,,
4,Podlaskie,Suwałki,Suwałki,Gmina miejska,2063011,41223,dla młodzieży,Nie,PARAFIALNA PODSTAWOWA SZKOŁA POLSKO - ROMSKA Z ODDZIAŁAMI INTEGRACYJNYMI W SUWAŁKACH,Suwałki,ul. Tadeusza Kościuszki 58,9,,,,,8,,,,,8,,,,,,,,,,,,,,,,,,,,,,,,,,,,,
4,Podlaskie,Suwałki,Suwałki,Gmina miejska,2063011,49362,dla młodzieży,Tak,SZKOŁA PODSTAWOWA NR 5 IM. ALFREDA WIERUSZ-KOWALSKIEGO W SUWAŁKACH,Suwałki,ul. Klonowa 51,127,64,16,67,71,127,51,27,48,24,127,72,27,82,100,,,,,,,,,,,1,,,,,,,,,,,,,,
4,Podlaskie,Suwałki,Suwałki,Gmina miejska,2063011,53287,dla młodzieży,Tak,SZKOŁA PODSTAWOWA NR 2 Z ODDZIAŁAMI DWUJĘZYCZNYMI IM. ALEKSANDRY PIŁSUDSKIEJ W SUWAŁKACH,Suwałki,ul. Tadeusza Kościuszki 126,62,58,16,60,38,62,50,25,48,64,62,64,27,70,98,,,,,,,,,,,,,,,,1,,,,,,,,,
4,Podlaskie,Suwałki,Suwałki,Gmina miejska,2063011,68453,dla młodzieży,Tak,SZKOŁA PODSTAWOWA NR 7 IM. ŚW. JANA PAWŁA II W SUWAŁKACH,Suwałki,ul. Romualda Minkiewicza 50,80,52,18,55,58,80,44,23,40,20,80,64,30,72,96,,,,,,,,,,,,,,,,,,,,,,,,,
4,Podlaskie,Suwałki,Suwałki,Gmina miejska,2063011,73153,dla młodzieży,Tak,SZKOŁA PODSTAWOWA NR 10 Z ODDZIAŁAMI INTEGRACYJNYMI IM. OLIMPIJCZYKÓW POLSKICH W SUWAŁKACH,Suwałki,ul. Jerzego Antoniewicza 5,87,60,14,60,44,87,36,22,28,20,87,62,27,64,31,,,,,,,,,,,,,,,,,,,,,,,,,
4,Podlaskie,Suwałki,Suwałki,Gmina miejska,2063011,133682,dla młodzieży,Nie,SZKOŁA PODSTAWOWA IM. MARII KONOPNICKIEJ W SUWAŁKACH,Suwałki,ul. Tadeusza Kościuszki 47B,18,75,11,77,58,18,70,26,78,92,17,89,16,95,100,,,,,,,,,,,1,,,,,,,,,,,,,,
4,Podlaskie,augustowski,Augustów,Gmina miejska,2001011,44717,dla młodzieży,Tak,SZKOŁA PODSTAWOWA NR 6 IM. ARMII KRAJOWEJ W AUGUSTOWIE,Augustów,ul. Tartaczna 21,16,60,20,65,67,16,49,25,48,24,16,66,28,75,93,,,,,,,,,,,,,,,,,,,,,,,,,
4,Podlaskie,augustowski,Augustów,Gmina miejska,2001011,86491,dla młodzieży,Tak,SZKOŁA PODSTAWOWA NR 4 IM. MARII KONOPNICKIEJ W AUGUSTOWIE,Augustów,ul. Marii Konopnickiej 5,41,54,17,58,62,41,35,18,32,20,42,54,29,49,96,,,,,,,,,,,,,,,,1,,,,,,,,,
4,Podlaskie,augustowski,Augustów,Gmina miejska,2001011,86572,dla młodzieży,Tak,SZKOŁA PODSTAWOWA NR 3 IM. 1 PUŁKU UŁANÓW KRECHOWIECKICH W AUGUSTOWIE,Augustów,ul. Mickiewicza 1,107,61,16,60,56,106,40,23,36,28,106,63,28,65,100,,,,,,,,,,,,,,,,2,,,,,,,,,
4,Podlaskie,augustowski,Augustów,Gmina miejska,2001011,104270,dla młodzieży,Nie,SPOŁECZNA SZKOŁA PODSTAWOWA SPOŁECZNEGO TOWARZYSTWA OŚWIATOWEGO,Augustów,ul. Zarzecze 17a,15,75,9,73,73,15,65,15,64,76,15,92,12,96,96,,,,,,,,,,,,,,,,,,,,,,,,,
4,Podlaskie,augustowski,Augustów,Gmina miejska,2001011,104979,dla młodzieży,Tak,SZKOŁA PODSTAWOWA NR 2 IM.ZYGMUNTA AUGUSTA W AUGUSTOWIE,Augustów,ul. Rajgrodzka 1,72,58,16,60,64,72,45,24,44,24,72,67,28,73,98,,,,,,,,,,,,,,,,,,,,,,,,,
4,Podlaskie,augustowski,Augustów,Gmina miejska,2001011,128764,dla młodzieży,Nie,SZKOŁA PODSTAWOWA NR 9 SPECJALNA W AUGUSTOWIE,Augustów,ul. Wojska Polskiego 53a,2,,,,,2,,,,,2,,,,,,,,,,,,,,,,,,,,,,,,,,,,,
4,Podlaskie,augustowski,Augustów,Gmina miejska,2001011,263681,dla młodzieży,Nie,SZKOŁA PODSTAWOWA NR 10 SPECJALNA W AUGUSTOWIE,Augustów,ul. Kilińskiego 3,3,,,,,3,,,,,3,,,,,,,,,,,,,,,,,,,,,,,,,,,,,
4,Podlaskie,augustowski,Augustów,Gmina miejska,2001011,263690,dla młodzieży,Nie,SZKOŁA PODSTAWOWA SPECJALNA IMIENIA ŚWIĘTEGO JANA BOSKO W AUGUSTOWIE,Augustów,ul. Jeziorna 31,5,,,,,6,,,,,3,,,,,,,,,,,,,,,2,,,,,,,,,,,,,,
4,Podlaskie,augustowski,Augustów,Gmina wiejska,2001022,17004,dla młodzieży,Tak,SZKOŁA PODSTAWOWA IM.JANA PAWŁA II W ŻARNOWIE,Żarnowo Drugie,1,11,63,14,64,60,11,54,20,52,52,12,43,21,36,,,,,,,,,,,,,,,,,,,,,,,,,,
4,Podlaskie,augustowski,Augustów,Gmina wiejska,2001022,17056,dla młodzieży,Tak,"SZKOŁA PODSTAWOWA IM. MJR HENRYKA DOBRZAŃSKIEGO ""HUBALA"" W KOLNICY",Kolnica,48,7,,,,,7,,,,,7,,,,,,,,,,,,,,,,,,,,,,,,,,,,,
4,Podlaskie,augustowski,Augustów,Gmina wiejska,2001022,17083,dla młodzieży,Tak,SZKOŁA PODSTAWOWA IM. STEFANA KARDYNAŁA WYSZYŃSKIEGO W JABŁOŃSKICH,Jabłońskie,25,7,,,,,7,,,,,7,,,,,,,,,,,,,,,,,,,,,,,,,,,,,
4,Podlaskie,augustowski,Augustów,Gmina wiejska,2001022,17130,dla młodzieży,Tak,SZKOŁA PODSTAWOWA IM. ARMII KRAJOWEJ W JANÓWCE,Janówka,48 A,19,53,18,51,38,19,36,18,28,28,19,55,27,58,33,,,,,,,,,,,,,,,,,,,,,,,,,
4,Podlaskie,augustowski,Augustów,Gmina wiejska,2001022,17194,dla młodzieży,Tak,SZKOŁA PODSTAWOWA IM. SYBIRAKÓW W NETCIE,Netta Pierwsza,14,11,61,9,64,64,11,42,20,40,20,10,53,31,42,,,,,,,,,,,,,,,,,1,,,,,,,,,
4,Podlaskie,augustowski,Augustów,Gmina wiejska,2001022,17222,dla młodzieży,Tak,SZKOŁA PODSTAWOWA IM. OBROŃCÓW WESTERPLATTE W RUTKACH,Rutki Nowe,1,9,,,,,9,,,,,9,,,,,,,,,,,,,,,,,,,,,,,,,,,,,
4,Podlaskie,augustowski,Augustów,Gmina wiejska,2001022,25160,dla młodzieży,Tak,SZKOŁA PODSTAWOWA IM. GEN. I. PRĄDZYŃSKIEGO W BIAŁOBRZEGACH,Białobrzegi,75,11,56,13,56,56,11,40,21,40,20,11,58,29,47,36,,,,,,,,,,,,,,,,,,,,,,,,,
4,Podlaskie,augustowski,Bargłów Kościelny,Gmina wiejska,2001032,86601,dla młodzieży,Tak,SZKOŁA PODSTAWOWA W KROSZEWIE,Kroszewo,27,5,,,,,5,,,,,5,,,,,,,,,,,,,,,,,,,,,,,,,,,,,
4,Podlaskie,augustowski,Bargłów Kościelny,Gmina wiejska,2001032,86685,dla młodzieży,Tak,SZKOŁA PODSTAWOWA IM. ZYGMUNTA AUGUSTA W TAJNIE STARYM,Tajno Stare,31,3,,,,,3,,,,,3,,,,,,,,,,,,,,,,,,,,,,,,,,,,,
4,Podlaskie,augustowski,Bargłów Kościelny,Gmina wiejska,2001032,86840,dla młodzieży,Tak,SZKOŁA PODSTAWOWA IMIENIA BŁOGOSŁAWIONEGO JANA PAWŁA II W ŁABĘTNIKU,Łabętnik,10,5,,,,,5,,,,,5,,,,,,,,,,,,,,,,,,,,,,,,,,,,,
4,Podlaskie,augustowski,Bargłów Kościelny,Gmina wiejska,2001032,106284,dla młodzieży,Tak,SZKOŁA PODSTAWOWA W BARGŁOWIE KOŚCIELNYM,Bargłów Kościelny,ul. Augustowska 8,30,53,18,58,58,30,32,24,22,16,30,44,30,31,11,,,,,,,,,,,,,,,,,,,,,,,,,
4,Podlaskie,augustowski,Lipsk,Miasto,2001044,26091,dla młodzieży,Tak,SZKOŁA PODSTAWOWA IM. ANASTAZJI MILEWSKIEJ W LIPSKU,Lipsk,ul. Szkolna 1,37,62,13,64,73,37,52,21,56,28,27,72,23,75,98,,,,,,,,,,,,,,,,10,61,18,61,,,,,,
4,Podlaskie,augustowski,Lipsk,Obszar wiejski,2001045,22376,dla młodzieży,Tak,SZKOŁA PODSTAWOWA W BARTNIKACH,Bartniki,8,4,,,,,4,,,,,,,,,,,,,,,,,,,,,,,,,4,,,,,,,,,
4,Podlaskie,augustowski,Nowinka,Gmina wiejska,2001052,70127,dla młodzieży,Tak,SZKOŁA PODSTAWOWA IM. POWSTAŃCÓW STYCZNIOWYCH W NOWINCE,Nowinka,14,32,49,18,53,56,32,33,20,26,20,31,47,26,36,16,,,,,,,,,,,,,,,,1,,,,,,,,,
4,Podlaskie,augustowski,Płaska,Gmina wiejska,2001062,114881,dla młodzieży,Tak,SZKOŁA PODSTAWOWA IM. JANA PAWŁA II W PŁASKIEJ,Płaska,57,18,58,17,59,33,18,45,26,34,16,18,58,31,62,27,,,,,,,,,,,,,,,,,,,,,,,,,
4,Podlaskie,augustowski,Sztabin,Gmina wiejska,2001072,75697,dla młodzieży,Tak,SZKOŁA PODSTAWOWA IM. KAROLA BRZOSTOWSKIEGO W SZTABINIE,Sztabin,ul. Augustowska 82,27,55,15,60,62,27,48,28,48,16,26,65,30,75,85,,,,,,,,,,,,,,,,,,,,,,,,,
4,Podlaskie,augustowski,Sztabin,Gmina wiejska,2001072,75728,dla młodzieży,Tak,SZKOŁA PODSTAWOWA IM. SYBIRAKÓW W KRASNYMBORZE,Krasnybór,59,18,47,21,46,33,18,39,23,34,20,8,,,,,,,,,,,,,,,,,,,,10,25,4,24,22,,,,,
4,Podlaskie,białostocki,Choroszcz,Miasto,2002014,52691,dla młodzieży,Tak,SZKOŁA PODSTAWOWA IM. HENRYKA SIENKIEWICZA W CHOROSZCZY,Choroszcz,ul. Powstania Styczniowego 26A,70,63,19,64,60,70,46,25,40,32,70,61,30,62,98,,,,,,,,,,,,,,,,,,,,,,,,,
4,Podlaskie,białostocki,Choroszcz,Obszar wiejski,2002015,24069,dla młodzieży,Tak,SZKOŁA PODSTAWOWA W ZŁOTORII,Złotoria,159A,10,60,14,58,73,10,42,20,36,24,10,69,24,71,73,,,,,,,,,,,,,,,,,,,,,,,,,
4,Podlaskie,białostocki,Czarna Białostocka,Miasto,2002024,72552,dla młodzieży,Tak,SZKOŁA PODSTAWOWA NR 2 W CZARNEJ BIAŁOSTOCKIEJ IM. ROMUALDA TRAUGUTTA,Czarna Białostocka,ul. Traugutta 28,37,60,18,62,56,37,53,25,48,40,37,67,25,75,31,,,,,,,,,,,,,,,,,,,,,,,,,
4,Podlaskie,białostocki,Czarna Białostocka,Miasto,2002024,262289,dla młodzieży,Tak,SZKOŁA PODSTAWOWA NR 1 IM. JANA PAWŁA II W CZARNEJ BIAŁOSTOCKIEJ,Czarna Białostocka,ul. Bolesława Prusa 1,20,51,19,59,67,20,43,20,40,60,20,58,27,57,51,,,,,,,,,,,,,,,,,,,,,,,,,
4,Podlaskie,białostocki,Czarna Białostocka,Obszar wiejski,2002025,114862,dla młodzieży,Tak,SZKOŁA PODSTAWOWA W CZARNEJ WSI KOŚCIELNEJ,Czarna Wieś Kościelna,ul. Szkolna 1,12,55,8,53,51,12,50,21,50,20,12,65,30,79,91,,,,,,,,,,,,,,,,,,,,,,,,,
4,Podlaskie,białostocki,Dobrzyniewo Duże,Gmina wiejska,2002032,51815,dla młodzieży,Tak,SZKOŁA PODSTAWOWA W POGORZAŁKACH,Pogorzałki,127,5,,,,,5,,,,,5,,,,,,,,,,,,,,,,,,,,,,,,,,,,,
4,Podlaskie,białostocki,Dobrzyniewo Duże,Gmina wiejska,2002032,51816,dla młodzieży,Tak,SZKOŁA PODSTAWOWA W OBRUBNIKACH,Obrubniki,33,11,64,13,62,60,11,45,28,32,16,11,59,29,53,,,,,,,,,,,,,,,,,,,,,,,,,,
4,Podlaskie,białostocki,Dobrzyniewo Duże,Gmina wiejska,2002032,86721,dla młodzieży,Tak,SZKOŁA PODSTAWOWA W FASTACH,Fasty,ul. Białostocka 5,25,65,13,64,64,25,61,27,64,28,25,82,20,87,84,,,,,,,,,,,,,,,,,,,,,,,,,
4,Podlaskie,białostocki,Dobrzyniewo Duże,Gmina wiejska,2002032,87526,dla młodzieży,Tak,SZKOŁA PODSTAWOWA W NOWYM ALEKSANDROWIE,Nowe Aleksandrowo,ul. Pogodna 107,26,63,18,60,58,26,53,27,50,28,26,66,26,71,85,,,,,,,,,,,,,,,,,,,,,,,,,
4,Podlaskie,białostocki,Dobrzyniewo Duże,Gmina wiejska,2002032,87750,dla młodzieży,Tak,SZKOŁA PODSTAWOWA W DOBRZYNIEWIE DUŻYM,Dobrzyniewo Duże,ul. Szkolna 14,30,55,16,53,51,30,43,21,36,24,30,65,28,68,98,,,,,,,,,,,,,,,,,,,,,,,,,
4,Podlaskie,białostocki,Gródek,Gmina wiejska,2002042,24437,dla młodzieży,Tak,SZKOŁA PODSTAWOWA IMIENIA PARTYZANTÓW BRACI MICHAŁA I ALEKSANDRA CHRZANOWSKICH W GRÓDKU,Gródek,ul. Aleksandra i Grzegorza Chodkiewiczów 18,31,46,16,44,42,31,36,20,32,24,20,53,24,63,22,,,,,,,,,,,,,,,,11,53,23,60,60,,,,,
4,Podlaskie,białostocki,Gródek,Gmina wiejska,2002042,62077,dla młodzieży,Nie,NIEPUBLICZNA SZKOŁA PODSTAWOWA W ZAŁUKACH,Załuki,5,7,,,,,7,,,,,7,,,,,,,,,,,,,,,,,,,,,,,,,,,,,
4,Podlaskie,białostocki,Juchnowiec Kościelny,Gmina wiejska,2002052,31156,dla młodzieży,Tak,SZKOŁA PODSTAWOWA IM.KS. MICHAŁA SOPOĆKI W KSIĘŻYNIE,Księżyno,ul. Szkolna 7,25,63,16,62,60,25,51,22,52,68,26,76,24,85,85,,,,,,,,,,,,,,,,,,,,,,,,,
4,Podlaskie,białostocki,Juchnowiec Kościelny,Gmina wiejska,2002052,31160,dla młodzieży,Tak,SZKOŁA PODSTAWOWA W JUCHNOWCU GÓRNYM,Juchnowiec Górny,ul. Szkolna 5,44,59,20,60,64,44,53,25,52,24,43,70,27,76,93,,,,,,,,,,,,,,,,1,,,,,,,,,
4,Podlaskie,białostocki,Juchnowiec Kościelny,Gmina wiejska,2002052,31162,dla młodzieży,Tak,SZKOŁA PODSTAWOWA IM.JANA PAWŁA II W KLEOSINIE,Kleosin,ul. Zambrowska 20,68,53,19,55,49,68,50,27,48,28,68,72,29,86,93,,,,,,,,,,,,,,,,,,,,,,,,,
4,Podlaskie,białostocki,Michałowo,Miasto,2002074,113887,dla młodzieży,Tak,SZKOŁA PODSTAWOWA IM. WŁADYSŁAWA SYROKOMLI,Michałowo,ul. Sienkiewicza 5,44,46,19,46,27,44,33,21,28,20,44,50,30,40,22,,,,,,,,,,,,,,,,,,,,,,,,,
4,Podlaskie,białostocki,Poświętne,Gmina wiejska,2002082,9118,dla młodzieży,Tak,"SZKOŁA PODSTAWOWA IM. ""BOLESŁAWA PRUSA"" W POŚWIĘTNEM",Gołębie,11,33,50,18,51,56,33,42,25,40,20,33,48,26,42,78,,,,,,,,,,,,,,,,,,,,,,,,,
4,Podlaskie,białostocki,Supraśl,Miasto,2002094,30610,dla młodzieży,Tak,SPORTOWA SZKOŁA PODSTAWOWA IM. FERDYNANDA MARECKIEGO,Supraśl,ul. Józefa Piłsudskiego 1,37,58,19,58,53,37,52,29,56,24,37,68,28,64,98,,,,,,,,,,,,,,,,,,,,,,,,,
4,Podlaskie,białostocki,Supraśl,Obszar wiejski,2002095,30534,dla młodzieży,Tak,SZKOŁA PODSTAWOWA W OGRODNICZKACH IM. OCHOTNICZYCH STRAŻY POŻARNYCH,Ogrodniczki,ul. Zagórna 7,20,63,18,62,56,20,61,23,58,52,20,84,19,90,89,,,,,,,,,,,,,,,,,,,,,,,,,
4,Podlaskie,białostocki,Supraśl,Obszar wiejski,2002095,30781,dla młodzieży,Tak,SZKOŁA PODSTAWOWA IM. ELIZY ORZESZKOWEJ W SOBOLEWIE,Sobolewo,ul. Podlaska 8,40,58,15,59,47,40,46,23,44,32,38,64,29,64,100,,,,,,,,,,,,,,,,2,,,,,,,,,
4,Podlaskie,białostocki,Suraż,Miasto,2002104,105018,dla młodzieży,Tak,SZKOŁA PODSTAWOWA IM. JANA PAWŁA II W SURAŻU,Suraż,ul. Szkolna 1,16,51,14,48,44,16,34,21,26,16,16,49,26,48,18,,,,,,,,,,,,,,,,,,,,,,,,,
4,Podlaskie,białostocki,Turośń Kościelna,Gmina wiejska,2002112,58564,dla młodzieży,Tak,SZKOŁA PODSTAWOWA IM. LEONARDA PRYSTROMA W TOŁCZACH,Tołcze,6,11,57,6,56,53,11,45,21,40,32,10,59,26,56,,,,,,,,,,,,,,,,,1,,,,,,,,,
4,Podlaskie,białostocki,Turośń Kościelna,Gmina wiejska,2002112,58566,dla młodzieży,Tak,SZKOŁA PODSTAWOWA IM. MARII KONOPNICKIEJ W TUROŚNI DOLNEJ,Turośń Dolna,20,7,,,,,7,,,,,7,,,,,,,,,,,,,,,,,,,,,,,,,,,,,
4,Podlaskie,białostocki,Turośń Kościelna,Gmina wiejska,2002112,58978,dla młodzieży,Nie,NIEPUBLICZNA SZKOŁA PODSTAWOWA W NIEWODNICY KOŚCIELNEJ,Niewodnica Kościelna,ul. Kościelna 10,16,63,16,62,53,16,84,18,90,84,16,90,11,97,100,,,,,,,,,,,,,,,,,,,,,,,,,
4,Podlaskie,białostocki,Turośń Kościelna,Gmina wiejska,2002112,74598,dla młodzieży,Tak,SZKOŁA PODSTAWOWA IM. STANISŁAWA STASZICA W TUROŚNI KOŚCIELNEJ,Turośń Kościelna,ul. Białostocka 4,22,54,20,56,56,22,45,25,46,24,22,62,24,65,20,,,,,,,,,,,,,,,,,,,,,,,,,
4,Podlaskie,białostocki,Tykocin,Miasto,2002124,104405,dla młodzieży,Tak,SZKOŁA PODSTAWOWA IM. STEFANA CZARNIECKIEGO W TYKOCINIE,Tykocin,ul. Jana Kochanowskiego 1,37,57,20,60,56,37,47,24,48,20,37,57,26,64,87,,,,,,,,,,,,,,,,,,,,,,,,,
4,Podlaskie,białostocki,Tykocin,Obszar wiejski,2002125,91948,dla młodzieży,Tak,SZKOŁA PODSTAWOWA W RADULACH,Radule,88,15,54,13,56,51,15,38,22,32,16,15,45,29,29,24,,,,,,,,,,,,,,,,,,,,,,,,,
4,Podlaskie,białostocki,Wasilków,Miasto,2002134,4359,dla młodzieży,Tak,SZKOŁA PODSTAWOWA IM. KRÓLA ZYGMUNTA AUGUSTA W WASILKOWIE,Wasilków,ul. Polna 1/4A,82,63,17,67,73,82,54,26,52,20,82,72,26,84,95,,,,,,,,,,,,,,,,,,,,,,,,,
4,Podlaskie,białostocki,Wasilków,Miasto,2002134,133482,dla młodzieży,Tak,SZKOŁA PODSTAWOWA NR 1 IM. KS WACŁAWA RABCZYŃSKIEGO W WASILKOWIE,Wasilków,ul. Adama Mickiewicza 2,38,53,19,57,69,38,45,23,36,36,37,66,31,76,93,,,,,,,,,,,,,,,,2,,,,,,,,,
4,Podlaskie,białostocki,Wasilków,Miasto,2002134,196377,dla młodzieży,Nie,SZKOŁA PODSTAWOWA SYRIUSZ W WASILKOWIE,Wasilków,ul. Supraślska 21,9,,,,,9,,,,,9,,,,,,,,,,,,,,,,,,,,,,,,,,,,,
4,Podlaskie,białostocki,Wasilków,Obszar wiejski,2002135,5148,dla młodzieży,Tak,PUBLICZNA SZKOŁA PODSTAWOWA IM. JANUSZA KORCZAKA W STUDZIANKACH,Studzianki,ul. Supraślska 2,11,57,15,58,47,11,40,20,36,16,11,63,27,71,,,,,,,,,,,,,,,,,,,,,,,,,,
4,Podlaskie,białostocki,Zabłudów,Miasto,2002144,73510,dla młodzieży,Tak,SZKOŁA PODSTAWOWA IM. FRANCISZKA KARPIŃSKIEGO W ZABŁUDOWIE,Zabłudów,ul. Adama Mickiewicza 20,36,49,19,53,24,36,42,24,38,20,29,57,28,62,44,,,,,,,,,,,,,,,,7,,,,,,,,,
4,Podlaskie,białostocki,Zabłudów,Obszar wiejski,2002145,30723,dla młodzieży,Tak,SZKOŁA PODSTAWOWA W DOBRZYNIÓWCE,Dobrzyniówka,40,10,38,16,35,18,10,27,16,20,20,10,45,22,43,18,,,,,,,,,,,,,,,,,,,,,,,,,
4,Podlaskie,białostocki,Zabłudów,Obszar wiejski,2002145,30724,dla młodzieży,Tak,SZKOŁA PODSTAWOWA IM. SYBIRAKÓW W RAFAŁÓWCE,Rafałówka,64,8,,,,,8,,,,,8,,,,,,,,,,,,,,,,,,,,,,,,,,,,,
4,Podlaskie,białostocki,Zabłudów,Obszar wiejski,2002145,92141,dla młodzieży,Tak,SZKOŁA PODSTAWOWA IM. WSPÓLNOTY POLSKIEJ W BIAŁOSTOCZKU,Białostoczek,8,9,,,,,9,,,,,9,,,,,,,,,,,,,,,,,,,,,,,,,,,,,
4,Podlaskie,białostocki,Zawady,Gmina wiejska,2002152,111561,dla młodzieży,Tak,SZKOŁA PODSTAWOWA W KONOPKACH POKRZYWNICY,Konopki-Pokrzywnica,12,1,,,,,1,,,,,1,,,,,,,,,,,,,,,,,,,,,,,,,,,,,
4,Podlaskie,białostocki,Zawady,Gmina wiejska,2002152,111851,dla młodzieży,Tak,SZKOŁA PODSTAWOWA IM.ŚW.JANA PAWŁA II W ZAWADACH,Zawady,ul. Kościuszki 2,11,54,17,53,40,11,35,23,32,16,9,,,,,,,,,,,,,,,2,,,,,,,,,,,,,,
4,Podlaskie,białostocki,Łapy,Miasto,2002064,2919,dla młodzieży,Tak,SZKOŁA PODSTAWOWA NR 1 Z ODDZIAŁAMI INTEGRACYJNYMI IM. ŚWIĘTEGO JANA PAWŁA II W ŁAPACH,Łapy,ul. Polna 9,66,54,21,58,69,66,51,28,48,48,66,69,29,84,100,,,,,,,,,,,,,,,,,,,,,,,,,
4,Podlaskie,białostocki,Łapy,Miasto,2002064,5836,dla młodzieży,Tak,SZKOŁA PODSTAWOWA NR 2 IM. MIKOŁAJA KOPERNIKA W ŁAPACH,Łapy,ul. Piękna 17,34,60,14,62,67,34,46,25,42,24,34,64,26,63,100,,,,,,,,,,,,,,,,,,,,,,,,,
4,Podlaskie,białostocki,Łapy,Miasto,2002064,18721,dla młodzieży,Nie,KATOLICKA SZKOŁA PODSTAWOWA IM. KARDYNAŁA STEFANA WYSZYŃSKIEGO W ŁAPACH,Łapy,ul. Jana Matejki 10,17,57,9,58,58,17,45,23,44,20,17,62,32,82,15,,,,,,,,,,,,,,,,,,,,,,,,,
4,Podlaskie,białostocki,Łapy,Miasto,2002064,18830,dla młodzieży,Tak,SZKOŁA PODSTAWOWA NR 3 IM. MARII KONOPNICKIEJ W ŁAPACH,Łapy,ul. Letnia 1,14,59,19,60,60,14,45,26,38,20,14,59,31,65,,,,,,,,,,,,,,,,,,,,,,,,,,
4,Podlaskie,białostocki,Łapy,Obszar wiejski,2002065,17196,dla młodzieży,Tak,SZKOŁA PODSTAWOWA W ŁUPIANCE STAREJ,Łupianka Stara,1,10,53,14,52,,10,47,29,36,36,10,46,26,30,27,,,,,,,,,,,,,,,,,,,,,,,,,
4,Podlaskie,białostocki,Łapy,Obszar wiejski,2002065,17344,dla młodzieży,Tak,SZKOŁA PODSTAWOWA IM. HUGONA KOŁŁĄTAJA W UHOWIE,Uhowo,ul. Szkolna 19,12,55,9,53,53,12,55,26,58,36,12,61,31,66,20,,,,,,,,,,,,,,,,,,,,,,,,,
4,Podlaskie,białostocki,Łapy,Obszar wiejski,2002065,19269,dla młodzieży,Tak,SZKOŁA PODSTAWOWA IM. JANA III SOBIESKIEGO W PŁONCE KOŚCIELNEJ,Płonka Kościelna,82,23,52,17,53,33,23,43,25,36,32,23,49,30,36,18,,,,,,,,,,,,,,,,,,,,,,,,,
4,Podlaskie,bielski,Bielsk Podlaski,Gmina miejska,2003011,75043,dla młodzieży,Tak,SZKOŁA PODSTAWOWA NR 4 IM. ADAMA MICKIEWICZA W BIELSKU PODLASKIM,Bielsk Podlaski,ul. Adama Mickiewicza 126,49,60,16,62,56,49,53,26,52,20,41,65,28,64,100,,,,,,,,,,,2,,,,,6,,,,,,,,,
4,Podlaskie,bielski,Bielsk Podlaski,Gmina miejska,2003011,79300,dla młodzieży,Tak,SZKOŁA PODSTAWOWA NR 3 Z DODATKOWĄ NAUKĄ JĘZYKA BIAŁORUSKIEGO IM. JAROSŁAWA KOSTYCEWICZA W BIELSKU PODLASKIM,Bielsk Podlaski,ul. Józefa Poniatowskiego 9,91,61,18,64,64,91,54,27,52,56,63,82,20,89,100,,,,,,,,,,,,,,,,30,73,21,78,96,,,,,
4,Podlaskie,bielski,Bielsk Podlaski,Gmina miejska,2003011,80949,dla młodzieży,Tak,SZKOŁA PODSTAWOWA NR 2 IM. KPT. W. WYSOCKIEGO W BIELSKU PODLASKIM,Bielsk Podlaski,ul. Władysława Wysockiego 6,35,53,18,53,51,35,38,19,32,20,31,62,26,69,35,,,,,,,,,,,,,,,,4,,,,,,,,,
4,Podlaskie,bielski,Bielsk Podlaski,Gmina miejska,2003011,80950,dla młodzieży,Tak,SZKOŁA PODSTAWOWA NR 5 IM. SZARYCH SZEREGÓW,Bielsk Podlaski,ul. Tadeusza Kościuszki 21,37,59,15,60,47,37,39,21,36,24,37,57,30,60,100,,,,,,,,,,,,,,,,,,,,,,,,,
4,Podlaskie,bielski,Bielsk Podlaski,Gmina wiejska,2003032,2987,dla młodzieży,Tak,SZKOŁA PODSTAWOWA IM. JANA PAWŁA II W ŁUBINIE KOŚCIELNYM,Łubin Kościelny,40,13,51,20,49,33,13,46,31,36,16,13,47,33,27,18,,,,,,,,,,,,,,,,,,,,,,,,,
4,Podlaskie,bielski,Bielsk Podlaski,Gmina wiejska,2003032,77424,dla młodzieży,Tak,SZKOŁA PODSTAWOWA W AUGUSTOWIE,Augustowo,30,30,42,15,38,36,30,35,18,32,28,21,35,18,27,20,,,,,,,,,,,,,,,,9,,,,,,,,,
4,Podlaskie,bielski,Boćki,Gmina wiejska,2003042,15421,dla młodzieży,Tak,SZKOŁA PODSTAWOWA W ANDRYJANKACH,Andryjanki,1,3,,,,,3,,,,,3,,,,,,,,,,,,,,,,,,,,,,,,,,,,,
4,Podlaskie,bielski,Boćki,Gmina wiejska,2003042,73766,dla młodzieży,Tak,SZKOŁA PODSTAWOWA IM. JANA PAWŁA II W BOĆKACH,Boćki,ul. Dubieńska 4,27,50,19,51,58,27,37,24,36,24,17,65,34,85,95,,,,,,,,,,,,,,,,10,51,20,53,31,,,,,
4,Podlaskie,bielski,Brańsk,Gmina miejska,2003021,14371,dla młodzieży,Tak,SZKOŁA PODSTAWOWA W BRAŃSKU,Brańsk,ul. Armii Krajowej 7,37,53,18,53,49,37,45,23,44,20,35,60,32,71,22,,,,,,,,,,,2,,,,,,,,,,,,,,
4,Podlaskie,bielski,Brańsk,Gmina wiejska,2003052,69766,dla młodzieży,Tak,SZKOŁA PODSTAWOWA IM.POR.IZYDORA KOŁAKOWSKIEGO W DOMANOWIE,Domanowo,19a,12,62,15,57,56,12,49,27,44,20,12,48,26,37,25,,,,,,,,,,,,,,,,,,,,,,,,,
4,Podlaskie,bielski,Brańsk,Gmina wiejska,2003052,69767,dla młodzieży,Tak,SZKOŁA PODSTAWOWA IM. JANA PAWŁA II W HOLONKACH,Holonki,67,11,46,16,42,40,11,31,12,28,20,11,50,20,44,,,,,,,,,,,,,,,,,,,,,,,,,,
4,Podlaskie,bielski,Brańsk,Gmina wiejska,2003052,268294,dla młodzieży,Tak,SZKOŁA PODSTAWOWA IM. KS. STEFANA KARDYNAŁA WYSZYŃSKIEGO W CHOJEWIE,Chojewo,109,10,48,25,50,,10,28,19,22,12,10,41,28,33,,,,,,,,,,,,,,,,,,,,,,,,,,
4,Podlaskie,bielski,Orla,Gmina wiejska,2003062,107732,dla młodzieży,Tak,SZKOŁA PODSTAWOWA Z DODATKOWYM NAUCZANIEM JĘZYKA BIAŁORUSKIEGO W ORLI,Orla,ul. Bielska 32,12,46,11,46,40,12,37,18,30,24,7,,,,,,,,,,,,,,,,,,,,5,,,,,,,,,
4,Podlaskie,bielski,Rudka,Gmina wiejska,2003072,16558,dla młodzieży,Tak,SZKOŁA PODSTAWOWA IM. JANA PAWŁA II W RUDCE,Rudka,ul. Szkolna 2,18,58,11,60,64,18,51,23,52,16,18,51,28,47,25,,,,,,,,,,,,,,,,,,,,,,,,,
4,Podlaskie,bielski,Wyszki,Gmina wiejska,2003082,107031,dla młodzieży,Tak,SZKOŁA PODSTAWOWA IM.KSIĘDZA FRANCISZKA JAKUBA FALKOWSKIEGO W TOPCZEWIE,Topczewo,ul. Szkolna 2,16,67,9,64,60,16,59,21,62,40,14,68,24,68,93,,,,,,,,,,,,,,,,2,,,,,,,,,
4,Podlaskie,bielski,Wyszki,Gmina wiejska,2003082,107264,dla młodzieży,Tak,SZKOŁA PODSTAWOWA IM.JANA PAWŁA II W WYSZKACH,Wyszki,ul. Szkolna 17,18,56,17,55,53,18,36,22,34,12,11,49,30,38,25,,,,,,,,,,,,,,,,7,,,,,,,,,
4,Podlaskie,bielski,Wyszki,Gmina wiejska,2003082,132238,dla młodzieży,Tak,SZKOŁA PODSTAWOWA IM. PREZYDENTA RYSZARDA KACZOROWSKIEGO W STRABLI,Strabla,ul. Wesoła 2a,3,,,,,3,,,,,3,,,,,,,,,,,,,,,,,,,,,,,,,,,,,
4,Podlaskie,grajewski,Grajewo,Gmina miejska,2004011,54359,dla młodzieży,Tak,SZKOŁA PODSTAWOWA NR 1 IM. K.I. GAŁCZYŃSKIEGO W GRAJEWIE,Grajewo,ul. Szkolna 12,43,52,18,56,49,43,41,25,32,20,39,65,31,82,85,,,,,,,,,,,1,,,,,3,,,,,,,,,
4,Podlaskie,grajewski,Grajewo,Gmina miejska,2004011,83713,dla młodzieży,Tak,SZKOŁA PODSTAWOWA NR 4 IM. HENRYKA SIENKIEWICZA W GRAJEWIE,Grajewo,ul. Konstytucji 3-go Maja 23,79,58,19,56,49,79,37,24,32,12,70,66,29,72,98,,,,,,,,,,,6,,,,,3,,,,,,,,,
4,Podlaskie,grajewski,Grajewo,Gmina miejska,2004011,83715,dla młodzieży,Tak,SZKOŁA PODSTAWOWA NR 2 IM. ADAMA MICKIEWICZA W GRAJEWIE,Grajewo,ul. Adama Mickiewicza 1,74,54,18,58,64,74,42,22,40,24,73,67,28,76,100,,,,,,,,,,,1,,,,,,,,,,,,,,
4,Podlaskie,grajewski,Grajewo,Gmina wiejska,2004022,4028,dla młodzieży,Tak,SZKOŁA PODSTAWOWA W WIERZBOWIE,Wierzbowo,72,15,55,19,51,51,15,41,22,28,20,15,49,27,38,31,,,,,,,,,,,,,,,,,,,,,,,,,
4,Podlaskie,grajewski,Grajewo,Gmina wiejska,2004022,4029,dla młodzieży,Tak,SZKOŁA PODSTAWOWA POMNIK 1000-LECIA PAŃSTWA POLSKIEGO IM. MARII KONOPNICKIEJ W BIAŁASZEWIE,Białaszewo,ul. Mikołaja Kopernika 2,9,,,,,9,,,,,9,,,,,,,,,,,,,,,,,,,,,,,,,,,,,
4,Podlaskie,grajewski,Grajewo,Gmina wiejska,2004022,4030,dla młodzieży,Tak,SZKOŁA PODSTAWOWA W DANÓWKU,Danówek,7,19,50,18,56,51,19,43,23,32,32,19,56,29,44,35,,,,,,,,,,,,,,,,,,,,,,,,,
4,Podlaskie,grajewski,Radziłów,Gmina wiejska,2004032,11162,dla młodzieży,Tak,SZKOŁA PODSTAWOWA W SŁUCZU,Słucz,114,8,,,,,8,,,,,8,,,,,,,,,,,,,,,,,,,,,,,,,,,,,
4,Podlaskie,grajewski,Radziłów,Gmina wiejska,2004032,11171,dla młodzieży,Tak,SZKOŁA PODSTAWOWA W RADZIŁOWIE,Radziłów,ul. Sportowa 1,18,54,18,56,29,18,42,19,38,24,18,51,34,42,16,,,,,,,,,,,,,,,,,,,,,,,,,
4,Podlaskie,grajewski,Radziłów,Gmina wiejska,2004032,11216,dla młodzieży,Tak,SZKOŁA PODSTAWOWA W KLIMASZEWNICY,Klimaszewnica,41,10,49,20,49,,10,44,21,48,,10,45,27,33,,,,,,,,,,,,,,,,,,,,,,,,,,
4,Podlaskie,grajewski,Radziłów,Gmina wiejska,2004032,131869,dla młodzieży,Nie,SZKOŁA PODSTAWOWA W KRAMARZEWIE,Kramarzewo,1,6,,,,,6,,,,,6,,,,,,,,,,,,,,,,,,,,,,,,,,,,,
4,Podlaskie,grajewski,Rajgród,Miasto,2004044,79397,dla młodzieży,Tak,SZKOŁA PODSTAWOWA IM. H. SIENKIEWICZA W RAJGRODZIE,Rajgród,ul.  Stanki 14,34,59,16,60,42,34,39,26,28,28,34,50,30,41,15,,,,,,,,,,,,,,,,,,,,,,,,,
4,Podlaskie,grajewski,Rajgród,Obszar wiejski,2004045,5324,dla młodzieży,Nie,NIEPUBLICZNA SZKOŁA PODSTAWOWA W BEŁDZIE,Bełda,37,6,,,,,6,,,,,6,,,,,,,,,,,,,,,,,,,,,,,,,,,,,
4,Podlaskie,grajewski,Rajgród,Obszar wiejski,2004045,6218,dla młodzieży,Tak,SZKOŁA PODSTAWOWA W RYDZEWIE,Rydzewo,6,3,,,,,3,,,,,3,,,,,,,,,,,,,,,,,,,,,,,,,,,,,
4,Podlaskie,grajewski,Szczuczyn,Miasto,2004054,68459,dla młodzieży,Tak,SZKOŁA PODSTAWOWA W SZCZUCZYNIE,Szczuczyn,ul. Jana Kilińskiego 42,48,50,15,52,49,48,35,20,32,16,48,50,25,47,16,,,,,,,,,,,,,,,,,,,,,,,,,
4,Podlaskie,grajewski,Szczuczyn,Obszar wiejski,2004055,54391,dla młodzieży,Tak,SZKOŁA PODSTAWOWA IM. ZESŁAŃCÓW SYBIRU W NIEDŹWIADNEJ,Niedźwiadna,49,9,,,,,9,,,,,9,,,,,,,,,,,,,,,,,,,,,,,,,,,,,
4,Podlaskie,grajewski,Wąsosz,Gmina wiejska,2004062,6691,dla młodzieży,Tak,SZKOŁA PODSTAWOWA W NIECIKACH,Nieciki,41,3,,,,,3,,,,,3,,,,,,,,,,,,,,,,,,,,,,,,,,,,,
4,Podlaskie,grajewski,Wąsosz,Gmina wiejska,2004062,6973,dla młodzieży,Tak,SZKOŁA PODSTAWOWA W SULEWIE-KOWNATY,Sulewo-Kownaty,18,1,,,,,1,,,,,,,,,,,,,,,,,,,,,,,,,1,,,,,,,,,
4,Podlaskie,grajewski,Wąsosz,Gmina wiejska,2004062,6975,dla młodzieży,Tak,SZKOŁA PODSTAWOWA W ŁAWSKU,Ławsk,107,5,,,,,5,,,,,5,,,,,,,,,,,,,,,,,,,,,,,,,,,,,
4,Podlaskie,grajewski,Wąsosz,Gmina wiejska,2004062,6976,dla młodzieży,Tak,SZKOŁA PODSTAWOWA IM. HENRYKA SIENKIEWICZA W WĄSOSZU,Wąsosz,ul. Piaskowa 31,12,47,22,45,,12,49,30,54,16,12,38,25,29,20,,,,,,,,,,,,,,,,,,,,,,,,,
4,Podlaskie,hajnowski,Białowieża,Gmina wiejska,2005022,23014,dla młodzieży,Tak,SZKOŁA PODSTAWOWA W BIAŁOWIEŻY,Białowieża,ul. Stoczek 2,11,40,18,44,27,11,34,27,24,8,11,45,25,47,47,,,,,,,,,,,,,,,,,,,,,,,,,
4,Podlaskie,hajnowski,Czeremcha,Gmina wiejska,2005032,112135,dla młodzieży,Tak,SZKOŁA PODSTAWOWA W CZEREMSZE,Czeremcha,ul. Szkolna 2,19,58,10,58,49,19,42,20,40,16,15,70,27,80,31,,,,,,,,,,,,,,,,4,,,,,,,,,
4,Podlaskie,hajnowski,Czyże,Gmina wiejska,2005042,57599,dla młodzieży,Tak,SZKOŁA PODSTAWOWA W CZYŻACH,Czyże,64,16,57,12,60,60,16,28,14,24,16,9,,,,,,,,,,,,,,,,,,,,7,,,,,,,,,
4,Podlaskie,hajnowski,Dubicze Cerkiewne,Gmina wiejska,2005052,18871,dla młodzieży,Tak,SZKOŁA PODSTAWOWA W DUBICZACH CERKIEWNYCH,Dubicze Cerkiewne,ul. Parkowa 30,7,,,,,7,,,,,,,,,,,,,,,,,,,,,,,,,7,,,,,,,,,
4,Podlaskie,hajnowski,Hajnówka,Gmina miejska,2005011,29979,dla młodzieży,Tak,SZKOŁA PODSTAWOWA NR 3 IM. DR. KAZIMIERZA PTASZYŃSKIEGO W HAJNÓWCE,Hajnówka,ul. Działowa 1,16,49,17,56,56,16,43,20,40,32,16,68,30,84,84,,,,,,,,,,,,,,,,,,,,,,,,,
4,Podlaskie,hajnowski,Hajnówka,Gmina miejska,2005011,38735,dla młodzieży,Tak,SZKOŁA PODSTAWOWA NR 1 IM. JANUSZA KUSOCIŃSKIEGO W HAJNÓWCE,Hajnówka,ul. 3 Maja 54,49,50,20,51,29,49,42,26,36,20,46,66,32,76,100,,,,,,,,,,,,,,,,3,,,,,,,,,
4,Podlaskie,hajnowski,Hajnówka,Gmina miejska,2005011,40216,dla młodzieży,Tak,SZKOŁA PODSTAWOWA NR 2 IM. WŁADYSŁAWA JAGIEŁŁY W HAJNÓWCE,Hajnówka,ul. Walerego Wróblewskiego 2,61,50,20,51,49,61,41,25,36,16,55,65,29,73,73,,,,,,,,,,,3,,,,,3,,,,,,,,,
4,Podlaskie,hajnowski,Hajnówka,Gmina miejska,2005011,41012,dla młodzieży,Tak,SZKOŁA PODSTAWOWA NR 4 IM. HENRYKA SIENKIEWICZA W HAJNÓWCE,Hajnówka,ul. Nowowarszawska 20,53,57,17,60,60,53,44,27,44,28,49,71,25,82,84,,,,,,,,,,,,,,,,4,,,,,,,,,
4,Podlaskie,hajnowski,Hajnówka,Gmina wiejska,2005062,10495,dla młodzieży,Tak,SZKOŁA PODSTAWOWA W DUBINACH,Dubiny,ul. Główna 1b,17,48,21,58,22,17,37,23,32,12,12,60,27,64,64,,,,,,,,,,,,,,,,5,,,,,,,,,
4,Podlaskie,hajnowski,Hajnówka,Gmina wiejska,2005062,119481,dla młodzieży,Nie,"STOWARZYSZENIE ""EDUKATOR"" W ŁOMŻY, SZKOŁA PODSTAWOWA W ORZESZKOWIE",Orzeszkowo,2,3,,,,,3,,,,,3,,,,,,,,,,,,,,,,,,,,,,,,,,,,,
4,Podlaskie,hajnowski,Kleszczele,Miasto,2005074,58802,dla młodzieży,Tak,SZKOŁA PODSTAWOWA W KLESZCZELACH,Kleszczele,pl. Parkowy 4,13,61,16,56,49,13,46,28,40,12,9,,,,,,,,,,,,,,,,,,,,4,,,,,,,,,
4,Podlaskie,hajnowski,Narew,Gmina wiejska,2005082,87234,dla młodzieży,Tak,SZKOŁA PODSTAWOWA IM. GEN. ZYGMUNTA BERLINGA W NARWI,Narew,ul. Adama Mickiewicza 81,21,56,15,60,64,21,53,20,52,52,9,,,,,,,,,,,,,,,,,,,,12,58,23,55,,,,,,
4,Podlaskie,hajnowski,Narewka,Gmina wiejska,2005092,26021,dla młodzieży,Tak,SZKOŁA PODSTAWOWA W NAREWCE,Narewka,ul. Nowa 4,19,52,16,56,40,19,35,19,36,16,8,,,,,,,,,,,,,,,,,,,,11,60,22,62,36,,,,,
4,Podlaskie,kolneński,Grabowo,Gmina wiejska,2006022,27629,dla młodzieży,Tak,SZKOŁA PODSTAWOWA W KONOPKACH MONETACH,Konopki-Monety,39,4,,,,,4,,,,,4,,,,,,,,,,,,,,,,,,,,,,,,,,,,,
4,Podlaskie,kolneński,Grabowo,Gmina wiejska,2006022,34714,dla młodzieży,Tak,SZKOŁA PODSTAWOWA W SURAŁACH,Surały,22,5,,,,,5,,,,,5,,,,,,,,,,,,,,,,,,,,,,,,,,,,,
4,Podlaskie,kolneński,Grabowo,Gmina wiejska,2006022,34872,dla młodzieży,Tak,SZKOŁA PODSTAWOWA IM. ANTONIEGO I JAKUBA WAGÓW,Grabowo,ul. Szkolna 7,37,49,20,49,42,37,39,22,32,32,37,48,26,42,24,,,,,,,,,,,,,,,,,,,,,,,,,
4,Podlaskie,kolneński,Kolno,Gmina miejska,2006011,66395,dla młodzieży,Tak,SZKOŁA PODSTAWOWA NR 2 IM. HENRYKA SIENKIEWICZA W KOLNIE,Kolno,ul. Szkolna 8,41,47,15,49,38,41,36,23,28,20,41,57,28,56,18,,,,,,,,,,,,,,,,,,,,,,,,,
4,Podlaskie,kolneński,Kolno,Gmina miejska,2006011,80696,dla młodzieży,Tak,SZKOŁA PODSTAWOWA NR 1 IM. TADEUSZA KOŚCIUSZKI W KOLNIE,Kolno,ul. Wojska Polskiego 22,56,57,14,60,44,56,47,25,44,44,56,69,28,81,100,,,,,,,,,,,,,,,,,,,,,,,,,
4,Podlaskie,kolneński,Kolno,Gmina wiejska,2006032,48621,dla młodzieży,Tak,SZKOŁA PODSTAWOWA IM.MARSZAŁKA JÓZEFA PIŁSUDSKIEGO W CZERWONEM,Czerwone,56,16,49,17,50,60,16,24,15,24,24,16,38,22,28,20,,,,,,,,,,,,,,,,,,,,,,,,,
4,Podlaskie,kolneński,Kolno,Gmina wiejska,2006032,48622,dla młodzieży,Tak,SZKOŁA PODSTAWOWA IM. KARDYNAŁA STEFANA WYSZYŃSKIEGO W JANOWIE,Janowo,35,10,54,13,57,42,10,35,19,32,16,10,45,27,38,,,,,,,,,,,,,,,,,,,,,,,,,,
4,Podlaskie,kolneński,Kolno,Gmina wiejska,2006032,48623,dla młodzieży,Tak,SZKOŁA PODSTAWOWA W LACHOWIE,Lachowo,21,22,54,21,59,58,22,43,21,38,36,22,58,30,61,65,,,,,,,,,,,,,,,,,,,,,,,,,
4,Podlaskie,kolneński,Kolno,Gmina wiejska,2006032,48626,dla młodzieży,Tak,SZKOŁA PODSTAWOWA IM. PAPIEŻA JANA PAWŁA II W BORKOWIE,Borkowo,72,12,63,11,64,60,12,59,26,68,68,12,72,20,74,64,,,,,,,,,,,,,,,,,,,,,,,,,
4,Podlaskie,kolneński,Kolno,Gmina wiejska,2006032,49511,dla młodzieży,Tak,SZKOŁA PODSTAWOWA IM. ORŁA BIAŁEGO W WYKOWIE,Wykowo,14,8,,,,,8,,,,,8,,,,,,,,,,,,,,,,,,,,,,,,,,,,,
4,Podlaskie,kolneński,Kolno,Gmina wiejska,2006032,49513,dla młodzieży,Tak,SZKOŁA PODSTAWOWA W ZASKRODZIU,Zaskrodzie,66,8,,,,,8,,,,,8,,,,,,,,,,,,,,,,,,,,,,,,,,,,,
4,Podlaskie,kolneński,Kolno,Gmina wiejska,2006032,64896,dla młodzieży,Tak,SZKOŁA PODSTAWOWA W ZABIELU,Zabiele,110,7,,,,,7,,,,,7,,,,,,,,,,,,,,,,,,,,,,,,,,,,,
4,Podlaskie,kolneński,Mały Płock,Gmina wiejska,2006042,28608,dla młodzieży,Tak,SZKOŁA PODSTAWOWA W KĄTACH,Kąty,168,11,57,12,62,33,11,36,16,32,32,11,54,22,56,,,,,,,,,,,,,,,,,,,,,,,,,,
4,Podlaskie,kolneński,Mały Płock,Gmina wiejska,2006042,34339,dla młodzieży,Tak,SZKOŁA PODSTAWOWA W ROGIENICACH WIELKICH,Rogienice Wielkie,ul. Długa 1,3,,,,,3,,,,,3,,,,,,,,,,,,,,,,,,,,,,,,,,,,,
4,Podlaskie,kolneński,Mały Płock,Gmina wiejska,2006042,34340,dla młodzieży,Tak,SZKOŁA PODSTAWOWA IM. JANA KOCHANOWSKIEGO W MAŁYM PŁOCKU,Mały Płock,ul. Jana Kochanowskiego 25,17,63,19,60,36,17,43,28,32,24,17,53,29,51,22,,,,,,,,,,,,,,,,,,,,,,,,,
4,Podlaskie,kolneński,Mały Płock,Gmina wiejska,2006042,34341,dla młodzieży,Tak,SZKOŁA PODSTAWOWA W CHLUDNIACH,Chludnie,2,9,,,,,9,,,,,9,,,,,,,,,,,,,,,,,,,,,,,,,,,,,
4,Podlaskie,kolneński,Stawiski,Miasto,2006054,57829,dla młodzieży,Tak,SZKOŁA PODSTAWOWA IM. TADEUSZA KOŚCIUSZKI W STAWISKACH,Stawiski,ul. Polowa 12,61,56,20,56,47,61,41,24,32,32,60,52,30,42,31,,,,,,,,,,,1,,,,,,,,,,,,,,
4,Podlaskie,kolneński,Stawiski,Obszar wiejski,2006055,57830,dla młodzieży,Tak,SZKOŁA PODSTAWOWA W PORYTEM,Poryte,ul. Szkolna 23,5,,,,,5,,,,,5,,,,,,,,,,,,,,,,,,,,,,,,,,,,,
4,Podlaskie,kolneński,Turośl,Gmina wiejska,2006062,80369,dla młodzieży,Tak,SZKOŁA PODSTAWOWA Z ODDZIAŁAMI INTEGRACYJNYMI IM. KS. JANA TWARDOWSKIEGO W TUROŚLI,Turośl,ul. Jana Pawła II 28,28,57,14,60,60,28,51,18,52,52,28,58,29,55,27,,,,,,,,,,,,,,,,,,,,,,,,,
4,Podlaskie,kolneński,Turośl,Gmina wiejska,2006062,80370,dla młodzieży,Tak,SZKOŁA PODSTAWOWA IM. STANISŁAWA KRUPKI W LEMANIE,Leman,48,6,,,,,6,,,,,6,,,,,,,,,,,,,,,,,,,,,,,,,,,,,
4,Podlaskie,kolneński,Turośl,Gmina wiejska,2006062,90626,dla młodzieży,Tak,SZKOŁA PODSTAWOWA IM. MARII KONOPNICKIEJ W PTAKACH,Ptaki,27,11,59,19,64,,11,41,21,40,68,11,44,24,35,,,,,,,,,,,,,,,,,,,,,,,,,,
4,Podlaskie,kolneński,Turośl,Gmina wiejska,2006062,90627,dla młodzieży,Tak,SZKOŁA PODSTAWOWA W ŁASZE,Łacha,96,5,,,,,5,,,,,5,,,,,,,,,,,,,,,,,,,,,,,,,,,,,
4,Podlaskie,kolneński,Turośl,Gmina wiejska,2006062,90628,dla młodzieży,Tak,SZKOŁA PODSTAWOWA W KSEBKACH,Ksebki,38,7,,,,,7,,,,,7,,,,,,,,,,,,,,,,,,,,,,,,,,,,,
4,Podlaskie,moniecki,Goniądz,Miasto,2008014,47140,dla młodzieży,Tak,SZKOŁA PODSTAWOWA W GONIĄDZU,Goniądz,ul. Konstytucji 3 Maja 18,37,55,20,58,67,37,42,23,36,20,37,49,31,33,16,,,,,,,,,,,,,,,,,,,,,,,,,
4,Podlaskie,moniecki,Goniądz,Miasto,2008014,103939,dla młodzieży,Tak,SZKOŁA PODSTAWOWA SPECJALNA W GONIĄDZU,Goniądz,pl. Plac 11 Listopada 37,13,37,14,40,20,13,22,11,20,20,13,25,10,24,22,,,,,,,,,,,,,,,,,,,,,,,,,
4,Podlaskie,moniecki,Goniądz,Obszar wiejski,2008015,129257,dla młodzieży,Tak,SZKOŁA PODSTAWOWA W DOWNARACH,Downary,52,7,,,,,7,,,,,7,,,,,,,,,,,,,,,,,,,,,,,,,,,,,
4,Podlaskie,moniecki,Jasionówka,Gmina wiejska,2008022,86637,dla młodzieży,Tak,SZKOŁA PODSTAWOWA IM. BOHATERÓW MONTE CASSINO W JASIONÓWCE,Jasionówka,ul. Knyszyńska 21B,18,61,20,67,67,18,43,20,42,24,18,70,27,75,49,,,,,,,,,,,,,,,,,,,,,,,,,
4,Podlaskie,moniecki,Jaświły,Gmina wiejska,2008032,81432,dla młodzieży,Tak,SZKOŁA PODSTAWOWA IM. SYBIRAKÓW W DOLISTOWIE STARYM,Dolistowo Stare,112,9,,,,,9,,,,,9,,,,,,,,,,,,,,,,,,,,,,,,,,,,,
4,Podlaskie,moniecki,Jaświły,Gmina wiejska,2008032,104914,dla młodzieży,Tak,SZKOŁA PODSTAWOWA IM. KONSTYTUCJI 3 MAJA W JAŚWIŁACH,Jaświły,71,27,57,15,58,53,27,32,17,28,16,27,47,27,35,22,,,,,,,,,,,,,,,,,,,,,,,,,
4,Podlaskie,moniecki,Knyszyn,Miasto,2008044,15581,dla młodzieży,Tak,SZKOŁA PODSTAWOWA IM. PUŁKOWNIKA WITOLDA PILECKIEGO W KNYSZYNIE,Knyszyn,ul. Białostocka 36,28,47,21,48,24,28,42,27,36,12,28,50,30,43,18,,,,,,,,,,,,,,,,,,,,,,,,,
4,Podlaskie,moniecki,Knyszyn,Obszar wiejski,2008045,18845,dla młodzieży,Tak,SZKOŁA PODSTAWOWA IM. JANA PAWŁA II W KALINÓWCE KOŚCIELNEJ,Kalinówka Kościelna,36,10,61,16,66,67,10,44,25,34,24,10,52,28,50,87,,,,,,,,,,,,,,,,,,,,,,,,,
4,Podlaskie,moniecki,Krypno,Gmina wiejska,2008052,40896,dla młodzieży,Tak,SZKOŁA PODSTAWOWA IM. ŚWIĘTEGO JANA PAWŁA II W KRYPNIE,Krypno Kościelne,48,31,60,12,62,67,31,43,23,44,20,28,62,27,64,22,,,,,,,,,,,,,,,,3,,,,,,,,,
4,Podlaskie,moniecki,Krypno,Gmina wiejska,2008052,124225,dla młodzieży,Tak,SZKOŁA PODSTAWOWA W DŁUGOŁĘCE,Długołęka,50,2,,,,,2,,,,,2,,,,,,,,,,,,,,,,,,,,,,,,,,,,,
4,Podlaskie,moniecki,Mońki,Miasto,2008064,11325,dla młodzieży,Tak,SZKOŁA PODSTAWOWA NR 2 IM. JANA KOCHANOWSKIEGO W MOŃKACH,Mońki,ul. Tysiąclecia 17,59,56,21,58,69,60,42,24,40,32,60,62,30,67,100,,,,,,,,,,,,,,,,,,,,,,,,,
4,Podlaskie,moniecki,Mońki,Miasto,2008064,14767,dla młodzieży,Tak,ZESPÓŁ SZKÓŁ W MOŃKACH SZKOŁA PODSTAWOWA NR 1 IM. JANA PAWŁA II W MOŃKACH,Mońki,ul. Planetarna 13,28,60,21,67,73,28,51,28,54,16,28,72,27,84,95,,,,,,,,,,,,,,,,,,,,,,,,,
4,Podlaskie,moniecki,Trzcianne,Gmina wiejska,2008072,42792,dla młodzieży,Tak,SZKOŁA PODSTAWOWA IM. ŚW. FRANCISZKA W TRZCIANNEM,Trzcianne,ul. 3 Maja 9,23,43,20,42,11,23,31,21,24,12,23,40,28,25,18,,,,,,,,,,,,,,,,,,,,,,,,,
4,Podlaskie,moniecki,Trzcianne,Gmina wiejska,2008072,86665,dla młodzieży,Nie,SZKOŁA PODSTAWOWA W LASKOWCU,Laskowiec,46,6,,,,,6,,,,,6,,,,,,,,,,,,,,,,,,,,,,,,,,,,,
4,Podlaskie,moniecki,Trzcianne,Gmina wiejska,2008072,86667,dla młodzieży,Nie,SZKOŁA PODSTAWOWA W STARYCH BAJKACH,Stare Bajki,51,6,,,,,6,,,,,6,,,,,,,,,,,,,,,,,,,,,,,,,,,,,
4,Podlaskie,sejneński,Giby,Gmina wiejska,2009022,9593,dla młodzieży,Tak,SZKOŁA PODSTAWOWA W GIBACH,Giby,75,17,47,18,47,47,17,29,18,24,20,17,38,27,27,24,,,,,,,,,,,,,,,,,,,,,,,,,
4,Podlaskie,sejneński,Krasnopol,Gmina wiejska,2009032,5242,dla młodzieży,Tak,SZKOŁA PODSTAWOWA IM. JANA PAWŁA II W KRASNOPOLU,Krasnopol,ul. Wojska Polskiego 63,22,65,11,64,56,22,47,22,52,16,22,63,28,70,25,,,,,,,,,,,,,,,,,,,,,,,,,
4,Podlaskie,sejneński,Puńsk,Gmina wiejska,2009042,61633,dla młodzieży,Tak,SZKOŁA PODSTAWOWA Z POLSKIM I LITEWSKIM JĘZYKIEM NAUCZANIA IM.DARIUSA I GIRENASA W PUŃSKU,Puńsk,ul. 11 Marca 16,31,56,17,62,62,31,43,22,40,20,29,67,25,76,84,,,,,,,,,,,,,,,,2,,,,,,,,,
4,Podlaskie,sejneński,Puńsk,Gmina wiejska,2009042,90293,dla młodzieży,Tak,SZKOŁA PODSTAWOWA Z LITEWSKIM JĘZYKIEM NAUCZANIA W WIDUGIERACH,Widugiery,19A,4,,,,,4,,,,,4,,,,,,,,,,,,,,,,,,,,,,,,,,,,,
4,Podlaskie,sejneński,Sejny,Gmina miejska,2009011,66354,dla młodzieży,Tak,"SZKOŁA PODSTAWOWA IM. MJR HENRYKA DOBRZAŃSKIEGO ""HUBALA"" W SEJNACH",Sejny,ul. Wojska Polskiego 64,48,57,22,59,78,48,41,23,38,28,47,56,29,60,22,,,,,,,,,,,1,,,,,1,,,,,,,,,
4,Podlaskie,sejneński,Sejny,Gmina miejska,2009011,81198,dla młodzieży,Nie,"SZKOŁA PODSTAWOWA Z LITEWSKIM JĘZYKIEM NAUCZANIA ""ŻIBURYS"" W SEJNACH",Sejny,ul. Wileńska 18B,9,,,,,9,,,,,9,,,,,,,,,,,,,,,,,,,,,,,,,,,,,
4,Podlaskie,sejneński,Sejny,Gmina wiejska,2009052,17035,dla młodzieży,Tak,SZKOŁA PODSTAWOWA W POĆKUNACH,Poćkuny,7,10,52,12,51,47,10,43,16,40,36,10,59,20,58,45,,,,,,,,,,,,,,,,,,,,,,,,,
4,Podlaskie,sejneński,Sejny,Gmina wiejska,2009052,17036,dla młodzieży,Tak,SZKOŁA PODSTAWOWA IM. A. MICKIEWICZA W KRASNOWIE,Krasnowo,17,8,,,,,8,,,,,8,,,,,,,,,,,,,,,,,,,,,,,,,,,,,
4,Podlaskie,siemiatycki,Drohiczyn,Miasto,2010024,25857,dla młodzieży,Tak,SZKOŁA PODSTAWOWA IM. MARSZAŁKA JÓZEFA PIŁSUDSKIEGO W DROHICZYNIE,Drohiczyn,ul. Warszawska 51,17,46,15,47,42,17,37,24,24,24,16,45,32,37,16,,,,,,,,,,,,,,,,,,,,,,,,,
4,Podlaskie,siemiatycki,Drohiczyn,Miasto,2010024,131303,dla młodzieży,Nie,SZKOŁA PODSTAWOWA BENEDYKTA W DROHICZYNIE,Drohiczyn,ul. Józefa Ignacego Kraszewskiego 4,38,53,18,53,53,38,51,25,54,56,36,73,28,88,100,1,,,,,,,,,,,,,,,,,,,,1,,,,
4,Podlaskie,siemiatycki,Drohiczyn,Obszar wiejski,2010025,118784,dla młodzieży,Tak,SZKOŁA PODSTAWOWA W OSTROŻANACH,Ostrożany,16,3,,,,,3,,,,,3,,,,,,,,,,,,,,,,,,,,,,,,,,,,,
4,Podlaskie,siemiatycki,Drohiczyn,Obszar wiejski,2010025,119205,dla młodzieży,Tak,SZKOŁA PODSTAWOWA IM. KS. IGNACEGO KŁOPOTOWSKIEGO W MIŁKOWICACH JANKACH,Miłkowice-Janki,12,7,,,,,7,,,,,7,,,,,,,,,,,,,,,,,,,,,,,,,,,,,
4,Podlaskie,siemiatycki,Dziadkowice,Gmina wiejska,2010032,34733,dla młodzieży,Tak,SZKOŁA PODSTAWOWA IM. JANA PAWŁA II W DZIADKOWICACH,Dziadkowice,1D,18,50,12,53,62,18,36,22,32,8,18,53,29,47,15,,,,,,,,,,,,,,,,,,,,,,,,,
4,Podlaskie,siemiatycki,Grodzisk,Gmina wiejska,2010042,9557,dla młodzieży,Tak,SZKOŁA PODSTAWOWA IM. HENRYKA SIENKIEWICZA W GRODZISKU,Grodzisk,ul. 1 Maja 34,28,53,19,57,51,28,31,16,24,20,28,49,28,47,24,,,,,,,,,,,,,,,,,,,,,,,,,
4,Podlaskie,siemiatycki,Mielnik,Gmina wiejska,2010052,86702,dla młodzieży,Tak,SZKOŁA PODSTAWOWA W MIELNIKU,Mielnik,ul. Brzeska 132,13,60,15,60,58,13,54,25,48,20,13,61,25,55,44,,,,,,,,,,,,,,,,,,,,,,,,,
4,Podlaskie,siemiatycki,Milejczyce,Gmina wiejska,2010062,23668,dla młodzieży,Tak,SZKOŁA PODSTAWOWA W MILEJCZYCACH,Milejczyce,ul. Szkolna 2,11,49,15,47,62,11,40,22,36,24,7,,,,,,,,,,,,,,,,,,,,4,,,,,,,,,
4,Podlaskie,siemiatycki,Nurzec-Stacja,Gmina wiejska,2010072,47650,dla młodzieży,Tak,SZKOŁA PODSTAWOWA W NURCU-STACJI,Nurzec-Stacja,ul. Szkolna 6,20,49,20,47,40,20,33,18,26,20,13,56,23,51,24,,,,,,,,,,,,,,,,7,,,,,,,,,
4,Podlaskie,siemiatycki,Perlejewo,Gmina wiejska,2010082,23006,dla młodzieży,Tak,SZKOŁA PODSTAWOWA W PERLEJEWIE,Perlejewo,12,21,47,17,44,36,21,35,23,28,28,21,39,24,31,15,,,,,,,,,,,,,,,,,,,,,,,,,
4,Podlaskie,siemiatycki,Siemiatycze,Gmina miejska,2010011,55408,dla młodzieży,Tak,SZKOŁA PODSTAWOWA NR 1 IM.KSIĘŻNEJ ANNY Z SAPIEHÓW JABŁONOWSKIEJ W SIEMIATYCZACH,Siemiatycze,ul. Ogrodowa 2,65,58,14,58,58,65,47,26,40,16,65,69,27,76,96,,,,,,,,,,,,,,,,,,,,,,,,,
4,Podlaskie,siemiatycki,Siemiatycze,Gmina miejska,2010011,69079,dla młodzieży,Tak,SZKOŁA PODSTAWOWA NR 3 IM. JANA PAWŁA II W SIEMIATYCZACH,Siemiatycze,ul. gen. Władysława Andersa 4,45,63,16,64,64,45,51,24,48,40,46,64,23,65,45,,,,,,,,,,,,,,,,,,,,,,,,,
4,Podlaskie,siemiatycki,Siemiatycze,Gmina wiejska,2010092,12213,dla młodzieży,Tak,SZKOŁA PODSTAWOWA W SZERSZENIACH,Szerszenie,38,8,,,,,8,,,,,8,,,,,,,,,,,,,,,,,,,,,,,,,,,,,
4,Podlaskie,siemiatycki,Siemiatycze,Gmina wiejska,2010092,12744,dla młodzieży,Tak,SZKOŁA PODSTAWOWA W CZARTAJEWIE,Czartajew,ul. Szkolna 4,18,38,16,40,38,18,28,11,28,16,18,34,18,28,25,,,,,,,,,,,,,,,,,,,,,,,,,
4,Podlaskie,siemiatycki,Siemiatycze,Gmina wiejska,2010092,13010,dla młodzieży,Tak,SZKOŁA PODSTAWOWA W TOŁWINIE,Tołwin,1,6,,,,,6,,,,,6,,,,,,,,,,,,,,,,,,,,,,,,,,,,,
4,Podlaskie,sokólski,Dąbrowa Białostocka,Miasto,2011014,31557,dla młodzieży,Tak,SZKOŁA PODSTAWOWA IM. TADEUSZA KOŚCIUSZKI W DĄBROWIE BIAŁOSTOCKIEJ,Dąbrowa Białostocka,ul. Południowa 13,47,59,21,56,82,47,44,26,40,24,34,63,31,77,24,,,,,,,,,,,,,,,,13,46,20,42,38,,,,,
4,Podlaskie,sokólski,Dąbrowa Białostocka,Obszar wiejski,2011015,21301,dla młodzieży,Nie,SZKOŁA PODSTAWOWA SPECJALNA NR 1 W RÓŻANYMSTOKU,Różanystok,13B,19,31,13,29,18,19,24,19,16,8,19,34,26,27,15,,,,,,,,,,,,,,,,,,,,,,,,,
4,Podlaskie,sokólski,Dąbrowa Białostocka,Obszar wiejski,2011015,28764,dla młodzieży,Tak,SZKOŁA PODSTAWOWA W RÓŻANYMSTOKU,Różanystok,2,6,,,,,6,,,,,4,,,,,,,,,,,,,,,,,,,,2,,,,,,,,,
4,Podlaskie,sokólski,Dąbrowa Białostocka,Obszar wiejski,2011015,31555,dla młodzieży,Tak,SZKOŁA PODSTAWOWA W ZWIERZYŃCU WIELKIM,Zwierzyniec Wielki,17,5,,,,,5,,,,,5,,,,,,,,,,,,,,,,,,,,,,,,,,,,,
4,Podlaskie,sokólski,Dąbrowa Białostocka,Obszar wiejski,2011015,41793,dla młodzieży,Tak,SZKOŁA PODSTAWOWA W SUCHODOLINIE,Suchodolina,1,2,,,,,2,,,,,2,,,,,,,,,,,,,,,,,,,,,,,,,,,,,
4,Podlaskie,sokólski,Dąbrowa Białostocka,Obszar wiejski,2011015,41796,dla młodzieży,Tak,PUBLICZNA SZKOŁA PODSTAWOWA W BAGNACH,Bagny,17A,3,,,,,3,,,,,1,,,,,,,,,,,,,,,,,,,,2,,,,,,,,,
4,Podlaskie,sokólski,Dąbrowa Białostocka,Obszar wiejski,2011015,46859,dla młodzieży,Tak,SZKOŁA PODSTAWOWA W KAMIENNEJ NOWEJ,Kamienna Nowa,41,4,,,,,4,,,,,4,,,,,,,,,,,,,,,,,,,,,,,,,,,,,
4,Podlaskie,sokólski,Dąbrowa Białostocka,Obszar wiejski,2011015,46865,dla młodzieży,Tak,SZKOŁA PODSTAWOWA W RESZKOWCACH,Reszkowce,23,6,,,,,6,,,,,2,,,,,,,,,,,,,,,,,,,,4,,,,,,,,,
4,Podlaskie,sokólski,Dąbrowa Białostocka,Obszar wiejski,2011015,263604,dla młodzieży,Nie,SZKOŁA PODSTAWOWA SPECJALNA NR 2 W RÓŻANYMSTOKU,Różanystok,13b,11,37,13,40,38,11,25,14,20,20,10,27,15,24,16,,,,,,,,,,,,,,,,1,,,,,,,,,
4,Podlaskie,sokólski,Janów,Gmina wiejska,2011022,20536,dla młodzieży,Tak,SZKOŁA PODSTAWOWA W BIAŁOUSACH,Białousy,59,9,,,,,9,,,,,9,,,,,,,,,,,,,,,,,,,,,,,,,,,,,
4,Podlaskie,sokólski,Janów,Gmina wiejska,2011022,52446,dla młodzieży,Tak,SZKOŁA PODSTAWOWA IM. BATALIONÓW CHŁOPSKICH W JANOWIE,Janów,ul. Białostocka 16,31,52,16,53,40,31,35,25,24,20,29,51,28,53,18,,,,,,,,,,,,,,,,2,,,,,,,,,
4,Podlaskie,sokólski,Korycin,Gmina wiejska,2011032,58774,dla młodzieży,Tak,SZKOŁA PODSTAWOWA IM.STEFANA KARDYNAŁA WYSZYŃSKIEGO W KORYCINIE,Korycin,ul. Szkolna 1,33,60,20,67,69,33,48,27,36,16,33,65,29,75,95,,,,,,,,,,,,,,,,,,,,,,,,,
4,Podlaskie,sokólski,Krynki,Miasto,2011044,109317,dla młodzieży,Tak,SZKOŁA PODSTAWOWA IM. ELIZY ORZESZKOWEJ W KRYNKACH,Krynki,ul. Aleja Szkolna 10,14,64,13,66,58,14,52,28,52,76,13,73,29,87,91,,,,,,,,,,,,,,,,1,,,,,,,,,
4,Podlaskie,sokólski,Kuźnica,Gmina wiejska,2011052,113899,dla młodzieży,Tak,SZKOŁA PODSTAWOWA W KUŹNICY,Kuźnica,ul. Jagiellońska 1,25,67,14,64,58,25,49,23,52,40,24,75,27,89,98,,,,,,,,,,,,,,,,1,,,,,,,,,
4,Podlaskie,sokólski,Nowy Dwór,Gmina wiejska,2011062,31092,dla młodzieży,Tak,SZKOŁA PODSTAWOWA W NOWYM DWORZE,Nowy Dwór,ul. Kolejowa 2,17,52,14,51,47,17,32,18,28,28,11,48,22,47,47,,,,,,,,,,,,,,,,6,,,,,,,,,
4,Podlaskie,sokólski,Sidra,Gmina wiejska,2011072,80986,dla młodzieży,Tak,SZKOŁA PODSTAWOWA W MAJEWIE,Nowinka,1,3,,,,,3,,,,,3,,,,,,,,,,,,,,,,,,,,,,,,,,,,,
4,Podlaskie,sokólski,Sidra,Gmina wiejska,2011072,81019,dla młodzieży,Tak,SZKOŁA PODSTAWOWA IM.KPT. JÓZEFA KŁOPOTOWSKIEGO W JACOWLANACH,Jacowlany,13,7,,,,,7,,,,,7,,,,,,,,,,,,,,,,,,,,,,,,,,,,,
4,Podlaskie,sokólski,Sidra,Gmina wiejska,2011072,86396,dla młodzieży,Tak,SZKOŁA PODSTAWOWA W SIDRZE,Sidra,ul. Szkolna 1,10,61,20,67,,10,39,16,34,24,10,61,27,68,67,,,,,,,,,,,,,,,,,,,,,,,,,
4,Podlaskie,sokólski,Sokółka,Miasto,2011084,69255,dla młodzieży,Tak,SZKOŁA PODSTAWOWA Z ODDZIAŁAMI INTEGRACYJNYMI NR 2 W SOKÓŁCE,Sokółka,ul. Szkolna 2,56,53,15,53,53,56,48,26,44,20,56,69,29,82,89,,,,,,,,,,,,,,,,,,,,,,,,,
4,Podlaskie,sokólski,Sokółka,Miasto,2011084,74949,dla młodzieży,Tak,SZKOŁA PODSTAWOWA NR 1 IM. ADAMA MICKIEWICZA W SOKÓŁCE,Sokółka,ul. Grodzieńska 43,66,51,23,57,62,66,42,26,34,12,65,67,30,84,100,,,,,,,,,,,,,,,,1,,,,,,,,,
4,Podlaskie,sokólski,Sokółka,Miasto,2011084,74974,dla młodzieży,Tak,SZKOŁA PODSTAWOWA NR 3 IM. WALEREGO WRÓBLEWSKIEGO W SOKÓŁCE,Sokółka,os. Zielone 2,23,63,12,60,58,24,63,26,58,32,20,79,22,90,91,,,,,,,,,,,,,,,,4,,,,,,,,,
4,Podlaskie,sokólski,Sokółka,Obszar wiejski,2011085,15147,dla młodzieży,Tak,SZKOŁA PODSTAWOWA Z ODDZIAŁAMI INTEGRACYJNYMI W JANOWSZCZYŹNIE,Janowszczyzna,42,17,57,6,56,56,17,56,12,56,44,14,70,21,69,100,,,,,,,,,,,,,,,,3,,,,,,,,,
4,Podlaskie,sokólski,Sokółka,Obszar wiejski,2011085,50432,dla młodzieży,Tak,SZKOŁA PODSTAWOWA W BOGUSZACH,Bogusze,24,10,52,15,53,71,10,39,15,38,60,10,45,26,34,24,,,,,,,,,,,,,,,,,,,,,,,,,
4,Podlaskie,sokólski,Sokółka,Obszar wiejski,2011085,74824,dla młodzieży,Tak,SZKOŁA PODSTAWOWA W GENIUSZACH,Geniusze,34,3,,,,,3,,,,,3,,,,,,,,,,,,,,,,,,,,,,,,,,,,,
4,Podlaskie,sokólski,Sokółka,Obszar wiejski,2011085,74826,dla młodzieży,Tak,SZKOŁA PODSTAWOWA W MALAWICZACH DOLNYCH,Malawicze Dolne,56,7,,,,,7,,,,,7,,,,,,,,,,,,,,,,,,,,,,,,,,,,,
4,Podlaskie,sokólski,Sokółka,Obszar wiejski,2011085,74831,dla młodzieży,Tak,SZKOŁA PODSTAWOWA IM. BOHATERÓW BITWY NIEMEŃSKIEJ W STAREJ KAMIONCE,Stara Kamionka,65,12,63,11,62,51,12,44,11,42,32,12,64,25,68,80,,,,,,,,,,,,,,,,,,,,,,,,,
4,Podlaskie,sokólski,Sokółka,Obszar wiejski,2011085,75054,dla młodzieży,Tak,SZKOŁA PODSTAWOWA W STAREJ ROZEDRANCE,Stara Rozedranka,3,10,54,17,57,22,10,47,22,44,24,10,62,25,64,60,,,,,,,,,,,,,,,,,,,,,,,,,
4,Podlaskie,sokólski,Suchowola,Miasto,2011094,64517,dla młodzieży,Tak,SZKOŁA PODSTAWOWA IM. STANISŁAWA STASZICA W SUCHOWOLI,Suchowola,ul. Szkolna 1,34,47,18,50,24,34,32,20,24,20,33,50,30,45,16,,,,,,,,,,,,,,,,1,,,,,,,,,
4,Podlaskie,sokólski,Suchowola,Obszar wiejski,2011095,30437,dla młodzieży,Tak,SZKOŁA PODSTAWOWA W CHODORÓWCE NOWEJ,Chodorówka Nowa,17,12,63,18,70,36,12,59,23,66,80,12,74,28,88,96,,,,,,,,,,,,,,,,,,,,,,,,,
4,Podlaskie,sokólski,Suchowola,Obszar wiejski,2011095,64516,dla młodzieży,Tak,SZKOŁA PODSTAWOWA W CZERWONCE,Czerwonka,42A,10,58,10,60,60,10,48,15,46,40,10,52,26,48,,,,,,,,,,,,,,,,,,,,,,,,,,
4,Podlaskie,sokólski,Szudziałowo,Gmina wiejska,2011102,68686,dla młodzieży,Tak,SZKOŁA PODSTAWOWA IM. BOHATERÓW POWSTAŃ NARODOWYCH W SZUDZIAŁOWIE,Szudziałowo,ul. Szkolna 1,18,60,18,64,47,18,41,20,40,20,14,68,31,86,87,,,,,,,,,,,,,,,,4,,,,,,,,,
4,Podlaskie,sokólski,Szudziałowo,Gmina wiejska,2011102,68718,dla młodzieży,Tak,SZKOŁA PODSTAWOWA IM.ADAMA MICKIEWICZA W BABIKACH,Babiki,22a,5,,,,,5,,,,,1,,,,,,,,,,,,,,,,,,,,4,,,,,,,,,
4,Podlaskie,suwalski,Bakałarzewo,Gmina wiejska,2012012,106299,dla młodzieży,Tak,SZKOŁA PODSTAWOWA IM. MIKOŁAJA BAKAŁARZA W BAKAŁARZEWIE,Bakałarzewo,ul. Króla Zygmunta Starego 1,26,55,13,58,58,26,34,19,30,20,26,54,24,56,25,,,,,,,,,,,,,,,,,,,,,,,,,
4,Podlaskie,suwalski,Filipów,Gmina wiejska,2012022,68666,dla młodzieży,Tak,SZKOŁA PODSTAWOWA IM. JANA PAWŁA II W FILIPOWIE,Filipów,ul. Marii Konopnickiej 6,44,50,19,52,58,44,40,21,36,20,44,53,31,44,18,,,,,,,,,,,,,,,,,,,,,,,,,
4,Podlaskie,suwalski,Jeleniewo,Gmina wiejska,2012032,63304,dla młodzieży,Tak,"SZKOŁA PODSTAWOWA IM. DANUTY SIEDZIKÓWNY ""INKI"" W JELENIEWIE",Jeleniewo,ul. Suwalska 51,35,59,12,60,62,35,46,22,44,40,34,67,24,71,49,,,,,,,,,,,,,,,,1,,,,,,,,,
4,Podlaskie,suwalski,Przerośl,Gmina wiejska,2012042,69080,dla młodzieży,Tak,SZKOŁA PODSTAWOWA W PAWŁÓWCE,Nowa Pawłówka,1,10,50,10,49,47,10,27,8,28,28,10,35,24,34,47,,,,,,,,,,,,,,,,,,,,,,,,,
4,Podlaskie,suwalski,Przerośl,Gmina wiejska,2012042,73496,dla młodzieży,Tak,SZKOŁA PODSTAWOWA W PRZEROŚLI,Przerośl,ul. Dworna 5,17,75,13,73,64,17,57,24,56,32,17,65,24,65,45,,,,,,,,,,,,,,,,,,,,,,,,,
4,Podlaskie,suwalski,Raczki,Gmina wiejska,2012052,7004,dla młodzieży,Tak,SZKOŁA PODSTAWOWA IM. ŚW. JANA PAWŁA II W RACZKACH,Raczki,ul. Sportowa 1,42,53,19,55,67,42,35,22,28,24,42,53,30,46,98,,,,,,,,,,,,,,,,,,,,,,,,,
4,Podlaskie,suwalski,Raczki,Gmina wiejska,2012052,7021,dla młodzieży,Tak,SZKOŁA PODSTAWOWA WE WRONOWIE,Ziółkowo,20,4,,,,,4,,,,,4,,,,,,,,,,,,,,,,,,,,,,,,,,,,,
4,Podlaskie,suwalski,Rutka-Tartak,Gmina wiejska,2012062,52505,dla młodzieży,Tak,SZKOŁA PODSTAWOWA IM. HENRYKA SIENKIEWICZA W RUTCE-TARTAK,Rutka-Tartak,ul. Szkolna 12,20,54,15,58,51,20,40,21,36,32,20,66,26,72,96,,,,,,,,,,,,,,,,,,,,,,,,,
4,Podlaskie,suwalski,Suwałki,Gmina wiejska,2012072,91068,dla młodzieży,Tak,SZKOŁA PODSTAWOWA IM. PAPIEŻA JANA PAWŁA II W NOWEJ WSI,Nowa Wieś,40A,4,,,,,4,,,,,4,,,,,,,,,,,,,,,,,,,,,,,,,,,,,
4,Podlaskie,suwalski,Suwałki,Gmina wiejska,2012072,91527,dla młodzieży,Tak,SZKOŁA PODSTAWOWA IM. LOTNIKÓW POLSKICH W PŁOCICZNIE-TARTAK,Płociczno-Tartak,16,14,57,17,63,51,14,42,26,32,20,14,65,26,73,22,,,,,,,,,,,,,,,,,,,,,,,,,
4,Podlaskie,suwalski,Suwałki,Gmina wiejska,2012072,91529,dla młodzieży,Tak,SZKOŁA PODSTAWOWA IM. MARII KONOPNICKIEJ W STARYM FOLWARKU,Stary Folwark,49,14,61,16,64,64,14,46,25,42,24,14,66,29,67,20,,,,,,,,,,,,,,,,,,,,,,,,,
4,Podlaskie,suwalski,Suwałki,Gmina wiejska,2012072,91531,dla młodzieży,Tak,SZKOŁA PODSTAWOWA IM. 2 PUŁKU UŁANÓW GROCHOWSKICH W PRZEBRODZIE,Przebród,15,12,64,9,62,60,12,40,13,36,32,12,72,23,74,40,,,,,,,,,,,,,,,,,,,,,,,,,
4,Podlaskie,suwalski,Suwałki,Gmina wiejska,2012072,132109,dla młodzieży,Tak,SZKOŁA PODSTAWOWA W PODDUBÓWKU,Poddubówek,17,4,,,,,4,,,,,4,,,,,,,,,,,,,,,,,,,,,,,,,,,,,
4,Podlaskie,suwalski,Szypliszki,Gmina wiejska,2012082,27969,dla młodzieży,Tak,PUBLICZNA SZKOŁA PODSTAWOWA W JASIONOWIE,Żubryn,17,8,,,,,8,,,,,8,,,,,,,,,,,,,,,,,,,,,,,,,,,,,
4,Podlaskie,suwalski,Szypliszki,Gmina wiejska,2012082,28017,dla młodzieży,Tak,SZKOŁA PODSTAWOWA W SŁOBÓDCE,Słobódka,9,22,58,19,60,67,22,45,27,44,8,22,54,28,56,18,,,,,,,,,,,,,,,,,,,,,,,,,
4,Podlaskie,suwalski,Szypliszki,Gmina wiejska,2012082,30899,dla młodzieży,Tak,SZKOŁA PODSTAWOWA W KALETNIKU,Kaletnik,46,17,56,15,58,62,17,45,23,40,20,17,60,26,62,49,,,,,,,,,,,,,,,,,,,,,,,,,
4,Podlaskie,suwalski,Wiżajny,Gmina wiejska,2012092,49082,dla młodzieży,Tak,SZKOŁA PODSTAWOWA IM. MARSZAŁKA JÓZEFA PIŁSUDSKIEGO W WIŻAJNACH,Wiżajny,ul. Sejneńska 43,21,58,15,62,73,21,40,22,36,32,21,53,26,53,29,,,,,,,,,,,,,,,,,,,,,,,,,
4,Podlaskie,wysokomazowiecki,Ciechanowiec,Miasto,2013024,68294,dla młodzieży,Tak,SZKOŁA PODSTAWOWA W CIECHANOWCU,Ciechanowiec,ul. 11 Listopada 5,66,50,18,50,44,66,36,22,32,20,66,53,28,53,25,,,,,,,,,,,,,,,,,,,,,,,,,
4,Podlaskie,wysokomazowiecki,Ciechanowiec,Obszar wiejski,2013025,68501,dla młodzieży,Tak,SZKOŁA PODSTAWOWA W ŁEMPICACH,Łempice,13A,7,,,,,7,,,,,7,,,,,,,,,,,,,,,,,,,,,,,,,,,,,
4,Podlaskie,wysokomazowiecki,Czyżew,Miasto,2013034,9023,dla młodzieży,Tak,SZKOŁA PODSTAWOWA IM.SZARYCH SZEREGÓW W CZYŻEWIE,Czyżew,ul. Polna 5,54,50,20,56,56,54,42,24,36,28,54,56,31,57,98,,,,,,,,,,,,,,,,,,,,,,,,,
4,Podlaskie,wysokomazowiecki,Czyżew,Obszar wiejski,2013035,3902,dla młodzieży,Tak,SZKOŁA PODSTAWOWA W DĄBROWIE WIELKIEJ,Dąbrowa Wielka,19,2,,,,,2,,,,,2,,,,,,,,,,,,,,,,,,,,,,,,,,,,,
4,Podlaskie,wysokomazowiecki,Czyżew,Obszar wiejski,2013035,8699,dla młodzieży,Tak,SZKOŁA PODSTAWOWA IM. ŚW. JANA PAWŁA II W ROSOCHATEM KOŚCIELNEM,Rosochate Kościelne,ul. Mazowiecka 5,10,64,15,68,67,10,44,21,36,32,9,,,,,,,,,,,,,,,1,,,,,,,,,,,,,,
4,Podlaskie,wysokomazowiecki,Klukowo,Gmina wiejska,2013042,92414,dla młodzieży,Tak,SZKOŁA PODSTAWOWA IM.KOMISJI EDUKACJI NARODOWEJ W KLUKOWIE,Klukowo,ul. Szkolna 8,15,47,16,47,62,15,40,24,32,12,15,53,26,49,40,,,,,,,,,,,,,,,,,,,,,,,,,
4,Podlaskie,wysokomazowiecki,Klukowo,Gmina wiejska,2013042,92422,dla młodzieży,Tak,SZKOŁA PODSTAWOWA W WYSZONKACH KOŚCIELNYCH,Wyszonki Kościelne,1,8,,,,,8,,,,,8,,,,,,,,,,,,,,,,,,,,,,,,,,,,,
4,Podlaskie,wysokomazowiecki,Klukowo,Gmina wiejska,2013042,92423,dla młodzieży,Tak,SZKOŁA PODSTAWOWA W KUCZYNIE,Kuczyn,69,7,,,,,7,,,,,7,,,,,,,,,,,,,,,,,,,,,,,,,,,,,
4,Podlaskie,wysokomazowiecki,Klukowo,Gmina wiejska,2013042,92424,dla młodzieży,Tak,SZKOŁA PODSTAWOWA W ŁUNIEWIE MAŁYM,Łuniewo Małe,2,5,,,,,5,,,,,5,,,,,,,,,,,,,,,,,,,,,,,,,,,,,
4,Podlaskie,wysokomazowiecki,Kobylin-Borzymy,Gmina wiejska,2013052,5572,dla młodzieży,Nie,"STOWARZYSZENIE ""EDUKATOR"" W ŁOMŻY, SZKOŁA PODSTAWOWA WE WNORACH-KUŻELACH",Wnory-Kużele,37,4,,,,,4,,,,,4,,,,,,,,,,,,,,,,,,,,,,,,,,,,,
4,Podlaskie,wysokomazowiecki,Kobylin-Borzymy,Gmina wiejska,2013052,5578,dla młodzieży,Nie,"STOWARZYSZENIE ""EDUKATOR"" W ŁOMŻY, SZKOŁA PODSTAWOWA W STYPUŁKACH-ŚWIĘCHACH",Stypułki-Święchy,11,3,,,,,3,,,,,3,,,,,,,,,,,,,,,,,,,,,,,,,,,,,
4,Podlaskie,wysokomazowiecki,Kobylin-Borzymy,Gmina wiejska,2013052,11401,dla młodzieży,Tak,SZKOŁA PODSTAWOWA IMIENIEM KSIĘDZA PIOTRA SKARGI W KOBYLINIE-BORZYMACH,Kobylin-Borzymy,ul. Lipowa 17,30,59,15,58,69,30,52,27,44,20,30,59,27,68,69,,,,,,,,,,,,,,,,,,,,,,,,,
4,Podlaskie,wysokomazowiecki,Kulesze Kościelne,Gmina wiejska,2013062,103960,dla młodzieży,Tak,SZKOŁA PODSTAWOWA W KULESZACH KOŚCIELNYCH IMIENIEM KARDYNAŁA STEFANA WYSZYŃSKIEGO,Kulesze Kościelne,ul. Główna 2,29,58,20,64,69,29,42,23,36,24,27,49,25,47,18,,,,,,,,,,,,,,,,2,,,,,,,,,
4,Podlaskie,wysokomazowiecki,Nowe Piekuty,Gmina wiejska,2013072,13687,dla młodzieży,Tak,SZKOŁA PODSTAWOWA IM KSIĘDZA ROCHA MODZELEWSKIEGO W NOWYCH PIEKUTACH,Nowe Piekuty,ul. Główna 3,21,57,17,62,62,21,42,23,36,20,21,56,32,49,18,,,,,,,,,,,,,,,,,,,,,,,,,
4,Podlaskie,wysokomazowiecki,Nowe Piekuty,Gmina wiejska,2013072,13689,dla młodzieży,Tak,SZKOŁA PODSTAWOWA IM.JANA PAWŁA II W JABŁONI KOŚCIELNEJ,Jabłoń Kościelna,ul. Mazowiecka 1,18,64,9,60,60,18,53,22,54,40,18,65,20,61,35,,,,,,,,,,,,,,,,,,,,,,,,,
4,Podlaskie,wysokomazowiecki,Sokoły,Gmina wiejska,2013082,87462,dla młodzieży,Tak,SZKOŁA PODSTAWOWA W BRUSZEWIE,Bruszewo,45,3,,,,,3,,,,,3,,,,,,,,,,,,,,,,,,,,,,,,,,,,,
4,Podlaskie,wysokomazowiecki,Sokoły,Gmina wiejska,2013082,88698,dla młodzieży,Tak,SZKOŁA PODSTAWOWA W KOWALEWSZCZYŹNIE,Kowalewszczyzna,26,4,,,,,4,,,,,4,,,,,,,,,,,,,,,,,,,,,,,,,,,,,
4,Podlaskie,wysokomazowiecki,Sokoły,Gmina wiejska,2013082,120926,dla młodzieży,Tak,SZKOŁA PODSTAWOWA IM. ADAMA MICKIEWICZA W SOKOŁACH,Sokoły,ul. Kościelna 5,41,56,21,62,71,41,44,22,44,44,41,60,30,64,65,,,,,,,,,,,,,,,,,,,,,,,,,
4,Podlaskie,wysokomazowiecki,Szepietowo,Miasto,2013094,83544,dla młodzieży,Tak,SZKOŁA PODSTAWOWA IM. KARDYNAŁA STEFANA WYSZYŃSKIEGO W SZEPIETOWIE,Szepietowo,ul. 1 Maja 2,38,58,16,63,67,38,43,25,42,56,37,58,27,60,33,,,,,,,,,,,1,,,,,,,,,,,,,,
4,Podlaskie,wysokomazowiecki,Szepietowo,Obszar wiejski,2013095,83766,dla młodzieży,Tak,SZKOŁA PODSTAWOWA W WOJNACH-KRUPACH,Wojny-Krupy,11,5,,,,,5,,,,,5,,,,,,,,,,,,,,,,,,,,,,,,,,,,,
4,Podlaskie,wysokomazowiecki,Szepietowo,Obszar wiejski,2013095,83880,dla młodzieży,Tak,SZKOŁA PODSTAWOWA IM. POLSKIEJ ORGANIZACJI WOJSKOWEJ W DĄBRÓWCE KOŚCIELNEJ,Dąbrówka Kościelna,35,14,54,21,55,47,14,47,29,40,20,14,53,34,45,76,,,,,,,,,,,,,,,,,,,,,,,,,
4,Podlaskie,wysokomazowiecki,Wysokie Mazowieckie,Gmina miejska,2013011,6842,dla młodzieży,Tak,SZKOŁA PODSTAWOWA NR 1 IM. TADEUSZA KOŚCIUSZKI W WYSOKIEM MAZOWIECKIEM,Wysokie Mazowieckie,ul. Kościelna 1,70,57,18,61,67,70,47,26,40,20,70,57,28,53,53,,,,,,,,,,,,,,,,,,,,,,,,,
4,Podlaskie,wysokomazowiecki,Wysokie Mazowieckie,Gmina miejska,2013011,263273,dla młodzieży,Tak,SZKOŁA PODSTAWOWA NR 2 IM. MIKOŁAJA KOPERNIKA W WYSOKIEM MAZOWIECKIEM,Wysokie Mazowieckie,ul. Ludowa 5,51,62,20,67,67,51,46,22,48,28,50,63,29,68,18,,,,,,,,,,,,,,,,,,,,,,,,,
4,Podlaskie,wysokomazowiecki,Wysokie Mazowieckie,Gmina wiejska,2013102,106840,dla młodzieży,Tak,SZKOŁA PODSTAWOWA IM. JANA PAWŁA II W JABŁONCE KOŚCIELNEJ,Jabłonka Kościelna,50,18,56,20,57,53,18,46,24,46,48,18,51,29,40,25,,,,,,,,,,,,,,,,,,,,,,,,,
4,Podlaskie,wysokomazowiecki,Wysokie Mazowieckie,Gmina wiejska,2013102,128627,dla młodzieży,Tak,SZKOŁA PODSTAWOWA W ŚWIĘCKU WIELKIM,Święck Wielki,29A,3,,,,,3,,,,,3,,,,,,,,,,,,,,,,,,,,,,,,,,,,,
4,Podlaskie,zambrowski,Kołaki Kościelne,Gmina wiejska,2014022,48589,dla młodzieży,Tak,PUBLICZNA SZKOŁA PODSTAWOWA W SZCZODRUCHACH,Szczodruchy,2,2,,,,,2,,,,,2,,,,,,,,,,,,,,,,,,,,,,,,,,,,,
4,Podlaskie,zambrowski,Kołaki Kościelne,Gmina wiejska,2014022,53701,dla młodzieży,Tak,SZKOŁA PODSTAWOWA W KOŁAKACH KOŚCIELNYCH IM. ABPA ROMUALDA JAŁBRZYKOWSKIEGO,Kołaki Kościelne,ul. Kościelna 26,10,60,16,67,67,10,40,23,28,24,10,49,30,39,87,,,,,,,,,,,,,,,,,,,,,,,,,
4,Podlaskie,zambrowski,Rutki,Gmina wiejska,2014032,10263,dla młodzieży,Tak,SZKOŁA PODSTAWOWA IM. KPT. WŁADYSŁAWA RAGINISA W GRĄDACH WONIECKO,Grądy-Woniecko,20,10,60,16,53,53,10,49,23,46,68,9,,,,,,,,,,,,,,,,,,,,1,,,,,,,,,
4,Podlaskie,zambrowski,Rutki,Gmina wiejska,2014032,10264,dla młodzieży,Tak,SZKOŁA PODSTAWOWA W KOŁOMYI,Kołomyja,35,10,59,15,58,58,10,39,18,36,20,7,,,,,,,,,,,,,,,,,,,,3,,,,,,,,,
4,Podlaskie,zambrowski,Rutki,Gmina wiejska,2014032,10265,dla młodzieży,Tak,SZKOŁA PODSTAWOWA IM. 2 PUŁKU UŁANÓW GROCHOWSKICH W RUTKACH,Rutki-Kossaki,ul. 11 Listopada 7A,37,44,21,40,31,37,37,24,24,16,29,44,32,27,15,,,,,,,,,,,,,,,,8,,,,,,,,,
4,Podlaskie,zambrowski,Szumowo,Gmina wiejska,2014042,22161,dla młodzieży,Tak,SZKOŁA PODSTAWOWA W SREBRNEJ,Srebrna,81,9,,,,,9,,,,,9,,,,,,,,,,,,,,,,,,,,,,,,,,,,,
4,Podlaskie,zambrowski,Szumowo,Gmina wiejska,2014042,23598,dla młodzieży,Tak,SZKOŁA PODSTAWOWA W SZUMOWIE,Szumowo,ul. Szkolna 14,27,47,23,49,62,27,37,22,28,16,27,61,26,60,85,,,,,,,,,,,,,,,,,,,,,,,,,
4,Podlaskie,zambrowski,Szumowo,Gmina wiejska,2014042,90282,dla młodzieży,Tak,PUBLICZNA SZKOŁA PODSTAWOWA W PAPROCI DUŻEJ,Paproć Duża,53,2,,,,,2,,,,,2,,,,,,,,,,,,,,,,,,,,,,,,,,,,,
4,Podlaskie,zambrowski,Zambrów,Gmina miejska,2014011,5747,dla młodzieży,Tak,SZKOŁA PODSTAWOWA NR 3 IM. JANUSZA KUSOCIŃSKIEGO W ZAMBROWIE,Zambrów,ul. Magazynowa 13,59,57,19,60,49,59,41,22,36,20,57,61,31,69,87,,,,,,,,,,,,,,,,2,,,,,,,,,
4,Podlaskie,zambrowski,Zambrów,Gmina miejska,2014011,13034,dla młodzieży,Tak,SZKOŁA PODSTAWOWA NR 4 IM. WŁADYSŁAWA BRONIEWSKIEGO W ZAMBROWIE,Zambrów,ul. Marii Konopnickiej 13,97,59,20,64,51,97,47,24,44,20,96,70,27,80,100,,,,,,,,,,,,,,,,,,,,,,,,,
4,Podlaskie,zambrowski,Zambrów,Gmina miejska,2014011,15725,dla młodzieży,Tak,SZKOŁA PODSTAWOWA NR 5 IM. MIKOŁAJA KOPERNIKA W ZAMBROWIE,Zambrów,ul. Prymasa Stefana Wyszyńskiego 6A,73,60,14,62,62,73,49,24,44,36,73,65,30,76,25,,,,,,,,,,,,,,,,,,,,,,,,,
4,Podlaskie,zambrowski,Zambrów,Gmina wiejska,2014052,31494,dla młodzieży,Tak,SZKOŁA PODSTAWOWA W WIŚNIEWIE,Wiśniewo,10,14,49,15,44,42,14,40,25,28,24,14,52,28,48,33,,,,,,,,,,,,,,,,,,,,,,,,,
4,Podlaskie,zambrowski,Zambrów,Gmina wiejska,2014052,34262,dla młodzieży,Tak,SZKOŁA PODSTAWOWA IM. ORŁA BIAŁEGO W PORYTEM - JABŁONI,Poryte-Jabłoń,103,9,,,,,9,,,,,8,,,,,,,,,,,,,,,,,,,,2,,,,,,,,,
4,Podlaskie,zambrowski,Zambrów,Gmina wiejska,2014052,34425,dla młodzieży,Tak,SZKOŁA PODSTAWOWA W STARYM LASKOWCU,Stary Laskowiec,14,7,,,,,7,,,,,7,,,,,,,,,,,,,,,,,,,,,,,,,,,,,
4,Podlaskie,zambrowski,Zambrów,Gmina wiejska,2014052,34428,dla młodzieży,Tak,SZKOŁA PODSTAWOWA IM. MARII KONOPNICKIEJ W STARYM ZAKRZEWIE,Stare Zakrzewo,15,8,,,,,8,,,,,8,,,,,,,,,,,,,,,,,,,,,,,,,,,,,
4,Podlaskie,zambrowski,Zambrów,Gmina wiejska,2014052,35164,dla młodzieży,Tak,SZKOŁA PODSTAWOWA IM. PAPIEŻA JANA PAWŁA II W OSOWCU,Osowiec,22,17,39,23,36,27,17,32,19,32,20,17,49,21,49,53,,,,,,,,,,,,,,,,,,,,,,,,,
4,Podlaskie,zambrowski,Zambrów,Gmina wiejska,2014052,58619,dla młodzieży,Tak,SZKOŁA PODSTAWOWA W STARYM SKARŻYNIE,Stary Skarżyn,44,7,,,,,7,,,,,7,,,,,,,,,,,,,,,,,,,,,,,,,,,,,
4,Podlaskie,Łomża,Łomża,Gmina miejska,2062011,13449,dla młodzieży,Tak,SZKOŁA PODSTAWOWA NR 2 W ŁOMŻY,Łomża,ul. Piękna 2,37,46,23,51,11,37,36,22,32,12,36,57,29,58,18,,,,,,,,,,,,,,,,1,,,,,,,,,
4,Podlaskie,Łomża,Łomża,Gmina miejska,2062011,13450,dla młodzieży,Tak,SZKOŁA PODSTAWOWA NR 4 IM. GENERAŁA WŁADYSŁAWA ANDERSA W ŁOMŻY,Łomża,ul. Kierzkowa 7,64,54,21,60,60,64,48,26,44,16,64,72,31,88,98,,,,,,,,,,,,,,,,,,,,,,,,,
4,Podlaskie,Łomża,Łomża,Gmina miejska,2062011,13452,dla młodzieży,Tak,SZKOŁA PODSTAWOWA NR 9 IM. KSIĘCIA MAZOWIECKIEGO JANUSZA I W ŁOMŻY,Łomża,ul. Księżnej Anny 18,97,63,17,64,67,97,49,24,44,40,97,68,28,75,100,,,,,,,,,,,,,,,,,,,,,,,,,
4,Podlaskie,Łomża,Łomża,Gmina miejska,2062011,13453,dla młodzieży,Tak,SZKOŁA PODSTAWOWA NR 10 IM. JANA PAWŁA II W ŁOMŻY,Łomża,ul. Juliana Ursyna Niemcewicza 17,136,66,16,67,60,136,49,24,48,20,136,75,28,87,98,,,,,,,,,,,1,,,,,,,,,,,,,,
4,Podlaskie,Łomża,Łomża,Gmina miejska,2062011,13984,dla młodzieży,Tak,SZKOŁA PODSTAWOWA NR 7 IM. ADAMA MICKIEWICZA W ŁOMŻY,Łomża,ul. Adama Mickiewicza 6,94,62,18,66,67,94,54,24,54,44,95,77,25,85,98,,,,,,,,,,,,,,,,1,,,,,,,,,
4,Podlaskie,Łomża,Łomża,Gmina miejska,2062011,13985,dla młodzieży,Tak,SZKOŁA PODSTAWOWA NR 5 IM. STANISŁAWA STASZICA W ŁOMŻY,Łomża,ul. Polna 40A,69,63,15,64,64,69,53,28,56,12,68,72,23,79,100,,,,,,,,,,,1,,,,,,,,,,,,,,
4,Podlaskie,Łomża,Łomża,Gmina miejska,2062011,133876,dla młodzieży,Tak,SZKOŁA PODSTAWOWA NR 1 W ŁOMŻY,Łomża,ul. Władysława Reymonta 9,25,64,16,69,69,25,55,22,52,40,25,73,23,80,78,,,,,,,,,,,,,,,,,,,,,,,,,
4,Podlaskie,łomżyński,Jedwabne,Miasto,2007014,29760,dla młodzieży,Tak,SZKOŁA PODSTAWOWA IM. ADAMA MICKIEWICZA W JEDWABNEM,Jedwabne,ul. Wojska Polskiego 17,40,54,23,53,33,40,42,28,34,20,30,60,29,54,98,,,,,,,,,,,,,,,,9,,,,,,,,,
4,Podlaskie,łomżyński,Jedwabne,Obszar wiejski,2007015,29759,dla młodzieży,Tak,SZKOŁA PODSTAWOWA W NADBORACH,Nadbory,1A,3,,,,,3,,,,,3,,,,,,,,,,,,,,,,,,,,,,,,,,,,,
4,Podlaskie,łomżyński,Miastkowo,Gmina wiejska,2007032,26242,dla młodzieży,Tak,SZKOŁA PODSTAWOWA W MIASTKOWIE,Miastkowo,ul. Łomżyńska 15,35,47,15,51,53,35,32,17,28,20,35,49,27,40,22,,,,,,,,,,,,,,,,,,,,,,,,,
4,Podlaskie,łomżyński,Miastkowo,Gmina wiejska,2007032,126698,dla młodzieży,Tak,SZKOŁA PODSTAWOWA W RYDZEWIE,Rydzewo,ul. Mazurska 22,13,54,11,53,62,13,34,23,40,8,13,59,27,45,24,,,,,,,,,,,,,,,,,,,,,,,,,
4,Podlaskie,łomżyński,Nowogród,Miasto,2007044,92164,dla młodzieży,Tak,SZKOŁA PODSTAWOWA IM. ADAMA CHĘTNIKA W NOWOGRODZIE,Nowogród,ul. 11 Listopada 12,29,54,19,62,64,29,44,24,44,56,29,60,31,65,98,,,,,,,,,,,,,,,,,,,,,,,,,
4,Podlaskie,łomżyński,Piątnica,Gmina wiejska,2007052,47760,dla młodzieży,Tak,SZKOŁA PODSTAWOWA W DOBRZYJAŁOWIE,Dobrzyjałowo,ul. Zdrojowa 1,4,,,,,4,,,,,4,,,,,,,,,,,,,,,,,,,,,,,,,,,,,
4,Podlaskie,łomżyński,Piątnica,Gmina wiejska,2007052,47761,dla młodzieży,Tak,SZKOŁA PODSTAWOWA IM. OFIAR KATYNIA W JEZIORKU,Jeziorko,ul. Długa 49,14,63,12,63,44,14,50,24,54,20,14,55,26,46,38,,,,,,,,,,,,,,,,,,,,,,,,,
4,Podlaskie,łomżyński,Piątnica,Gmina wiejska,2007052,47762,dla młodzieży,Tak,SZKOŁA PODSTAWOWA W RAKOWIE-BOGINIACH,Rakowo-Boginie,49,5,,,,,5,,,,,5,,,,,,,,,,,,,,,,,,,,,,,,,,,,,
4,Podlaskie,łomżyński,Piątnica,Gmina wiejska,2007052,47764,dla młodzieży,Tak,SZKOŁA PODSTAWOWA W KISIELNICY,Kisielnica,1,4,,,,,4,,,,,4,,,,,,,,,,,,,,,,,,,,,,,,,,,,,
4,Podlaskie,łomżyński,Piątnica,Gmina wiejska,2007052,47765,dla młodzieży,Tak,SZKOŁA PODSTAWOWA IM. ZESŁAŃCÓW SYBIRU W OLSZYNACH,Olszyny,ul. Wiśniowa 19,2,,,,,2,,,,,2,,,,,,,,,,,,,,,,,,,,,,,,,,,,,
4,Podlaskie,łomżyński,Piątnica,Gmina wiejska,2007052,47766,dla młodzieży,Tak,SZKOŁA PODSTAWOWA W DROZDOWIE,Drozdowo,ul. Główna 15,8,,,,,8,,,,,8,,,,,,,,,,,,,,,,,,,,,,,,,,,,,
4,Podlaskie,łomżyński,Piątnica,Gmina wiejska,2007052,47767,dla młodzieży,Tak,SZKOŁA PODSTAWOWA IM. MJR. WŁ. RAGINISA W PIĄTNICY,Piątnica Poduchowna,ul. Szkolna 31,73,59,17,58,56,73,48,24,44,24,73,71,25,75,100,,,,,,,,,,,,,,,,,,,,,,,,,
4,Podlaskie,łomżyński,Przytuły,Gmina wiejska,2007062,34628,dla młodzieży,Tak,SZKOŁA PODSTAWOWA IM JAKUBA WAGI W WAGACH,Wagi,16,3,,,,,3,,,,,3,,,,,,,,,,,,,,,,,,,,,,,,,,,,,
4,Podlaskie,łomżyński,Przytuły,Gmina wiejska,2007062,56072,dla młodzieży,Tak,SZKOŁA PODSTAWOWA IM.JANA PAWŁA II W PRZYTUŁACH,Przytuły,ul. Lipowa 28,17,49,16,56,64,17,38,21,32,16,17,44,23,42,25,,,,,,,,,,,1,,,,,,,,,,,,,,
4,Podlaskie,łomżyński,Wizna,Gmina wiejska,2007082,7930,dla młodzieży,Tak,PUBLICZNA SZKOŁA PODSTAWOWA W STARYM BOŻEJEWIE,Stare Bożejewo,37,1,,,,,2,,,,,2,,,,,,,,,,,,,,,,,,,,,,,,,,,,,
4,Podlaskie,łomżyński,Wizna,Gmina wiejska,2007082,40677,dla młodzieży,Tak,SZKOŁA PODSTAWOWA,Rutki,2,11,53,19,53,27,11,41,29,28,24,11,34,20,24,24,,,,,,,,,,,,,,,,,,,,,,,,,
4,Podlaskie,łomżyński,Wizna,Gmina wiejska,2007082,44631,dla młodzieży,Tak,SZKOŁA PODSTAWOWA IM. OBROŃCÓW WIZNY W WIŹNIE,Wizna,pl. kpt. Władysława Raginisa 12,22,62,14,61,58,22,47,24,50,20,22,59,31,57,96,,,,,,,,,,,,,,,,,,,,,,,,,
4,Podlaskie,łomżyński,Zbójna,Gmina wiejska,2007092,57323,dla młodzieży,Tak,SZKOŁA PODSTAWOWA IM.MARII KONOPNICKIEJ W ZBÓJNEJ,Zbójna,ul. Łomżyńska 35,16,50,12,50,56,16,34,17,28,16,16,36,25,25,11,,,,,,,,,,,,,,,,,,,,,,,,,
4,Podlaskie,łomżyński,Zbójna,Gmina wiejska,2007092,60090,dla młodzieży,Tak,SZKOŁA PODSTAWOWA IM.JANUSZA KORCZAKA W KUZIACH,Kuzie,34,12,52,14,55,53,12,30,11,26,20,12,47,25,37,29,,,,,,,,,,,,,,,,,,,,,,,,,
4,Podlaskie,łomżyński,Zbójna,Gmina wiejska,2007092,60861,dla młodzieży,Tak,SZKOŁA PODSTAWOWA W DOBRYM LESIE,Dobry Las,65,5,,,,,5,,,,,5,,,,,,,,,,,,,,,,,,,,,,,,,,,,,
4,Podlaskie,łomżyński,Łomża,Gmina wiejska,2007022,90325,dla młodzieży,Tak,SZKOŁA PODSTAWOWA IM. RODZINY JABŁOŃSKICH W PNIEWIE,Pniewo,ul. Akacjowa 1,8,,,,,8,,,,,8,,,,,,,,,,,,,,,,,,,,,,,,,,,,,
4,Podlaskie,łomżyński,Łomża,Gmina wiejska,2007022,90329,dla młodzieży,Tak,SZKOŁA PODSTAWOWA W LUTOSTANI,Lutostań,1a,2,,,,,2,,,,,2,,,,,,,,,,,,,,,,,,,,,,,,,,,,,
4,Podlaskie,łomżyński,Łomża,Gmina wiejska,2007022,90331,dla młodzieży,Tak,SZKOŁA PODSTAWOWA IM. MARSZAŁKA JÓZEFA PIŁSUDSKIEGO W WYGODZIE,Wygoda,ul. Łomżyńska 2,21,56,13,58,67,21,43,23,32,28,21,59,26,55,40,,,,,,,,,,,,,,,,,,,,,,,,,
4,Podlaskie,łomżyński,Łomża,Gmina wiejska,2007022,90332,dla młodzieży,Tak,SZKOŁA PODSTAWOWA IM. JANA PAWŁA II W KUPISKACH,Nowe Kupiski,137,19,66,14,67,53,19,47,28,44,44,19,55,27,47,22,,,,,,,,,,,,,,,,,,,,,,,,,
4,Podlaskie,łomżyński,Łomża,Gmina wiejska,2007022,90339,dla młodzieży,Tak,"SZKOŁA PODSTAWOWA IM. PPOR.DH.JADWIGI DZIEKOŃSKIEJ PS.""JADZIA"" W KONARZYCACH",Konarzyce,ul. Szkolna 4,19,61,12,58,58,19,49,28,40,32,19,62,25,62,62,,,,,,,,,,,,,,,,,,,,,,,,,
4,Podlaskie,łomżyński,Łomża,Gmina wiejska,2007022,90342,dla młodzieży,Tak,SZKOŁA PODSTAWOWA W PODGÓRZU IM. KS. KARDYNAŁA STEFANA WYSZYŃSKIEGO,Podgórze,ul. Szkolna 1,4,,,,,4,,,,,4,,,,,,,,,,,,,,,,,,,,,,,,,,,,,
4,Podlaskie,łomżyński,Łomża,Gmina wiejska,2007022,90348,dla młodzieży,Tak,SZKOŁA PODSTAWOWA W JARNUTACH IM PAPIEŻA JANA PAWŁA II,Jarnuty,1,11,72,14,78,53,11,72,18,76,52,11,77,18,82,,,,,,,,,,,,,,,,,,,,,,,,,,
4,Podlaskie,łomżyński,Łomża,Gmina wiejska,2007022,90349,dla młodzieży,Tak,SZKOŁA PODSTAWOWA W PUCHAŁACH,Puchały,31,5,,,,,5,,,,,5,,,,,,,,,,,,,,,,,,,,,,,,,,,,,
4,Podlaskie,łomżyński,Śniadowo,Gmina wiejska,2007072,62298,dla młodzieży,Tak,SZKOŁA PODSTAWOWA IM. PUŁKU 3-GO STRZELCÓW KONNYCH W ŚNIADOWIE,Śniadowo,ul. Łomżyńska 29,39,56,14,58,49,39,56,23,60,60,39,64,27,69,87,,,,,,,,,,,,,,,,,,,,,,,,,
4,Podlaskie,łomżyński,Śniadowo,Gmina wiejska,2007072,62338,dla młodzieży,Tak,SZKOŁA PODSTAWOWA W SZCZEPANKOWIE,Szczepankowo,20,11,72,19,78,80,11,59,25,60,80,10,63,26,60,,,,,,,,,,,,1,,,,,,,,,,,,,,
